,0.01,0.02,0.03,0.04,0.06,0.1,0.16,0.25,0.4,0.63,1.0
0.05,0.0,0.0,0.0,0.0,0.0,0.0,0.0,1.6064255640410606e-15,1.275792190942437e-14,4.7334397658100226e-14,1.9754767588145909e-13
0.1,1.2426284984665108e-14,6.942230418970948e-15,7.153099449798068e-15,7.864843703991136e-15,9.115918310722648e-15,1.4349391424605432e-14,2.958170143868197e-14,5.75993010924302e-14,1.5851830687124629e-13,3.648116166575763e-13,1.1936791665029886e-12
0.15,2.0345024124665433e-14,1.2078297152268293e-14,1.310510560132585e-14,1.4985606982559595e-14,1.8406228611193414e-14,3.104309238619465e-14,6.782045570270126e-14,1.4063872368362237e-13,4.267770432455488e-13,1.0456801541511368e-12,3.3573877922982094e-12
0.2,3.297854255150217e-14,2.1468101205367347e-14,2.4535528945982594e-14,2.908434047527894e-14,3.7459739367144917e-14,6.608176573071504e-14,1.482741372258414e-13,3.4013812217398947e-13,1.1271949992289112e-12,3.5668442371159024e-12,1.293677761599097e-11
0.25,5.356025993530011e-14,3.8977852676928046e-14,4.853538763563396e-14,6.139173188561597e-14,8.692685583838945e-14,1.7160734399208096e-13,4.4214087122445195e-13,1.1073294935151455e-12,4.3792362836486876e-12,1.52866353543052e-11,5.557531821435005e-11
0.3,1.1107963409962954e-13,9.166508358230652e-14,1.2244949990011477e-13,1.6230409900261803e-13,2.4392826787160296e-13,5.097055365943795e-13,1.4174146712416396e-12,3.711294018228971e-12,1.5265076804257493e-11,5.865359175489937e-11,2.115644506349201e-10
0.35,2.477465063834985e-13,2.2451556204668157e-13,3.141542677986252e-13,4.2883466402042306e-13,6.679566739810017e-13,1.4721088080210104e-12,4.2095235979812815e-12,1.1745819448717062e-11,4.979561385757482e-11,1.9375930476202204e-10,7.368146770306787e-10
0.39999999999999997,5.487865668928581e-13,5.342819302605229e-13,7.762539842376846e-13,1.085848325793968e-12,1.7439137842341045e-12,4.013564071190046e-12,1.1365254828658564e-11,3.1812035332801524e-11,1.5433824447035382e-10,5.240198104612535e-10,1.479213079122518e-09
0.44999999999999996,1.169430089828711e-12,1.1949918959878281e-12,1.7713495027853345e-12,2.5080824324803063e-12,4.084522118888841e-12,1.027292133059375e-11,3.1320133046730813e-11,8.46832853767846e-11,3.0653522705131324e-10,8.542803161604849e-10,2.702333535634027e-09
0.49999999999999994,2.4319811014419286e-12,2.657530626477194e-12,4.032010908323402e-12,5.795606041573215e-12,9.614154446640537e-12,2.1812659323727024e-11,5.793971523731086e-11,1.399269048905101e-10,4.587322096322726e-10,1.7419267666807313e-09,4.9014569037276146e-09
0.5499999999999999,4.120620027501011e-12,4.484960596258779e-12,6.714291850959802e-12,9.513515716133636e-12,1.5363107383898412e-11,3.335239731686029e-11,8.455929742789087e-11,2.2586512843028756e-10,9.204247703555558e-10,2.777325874288002e-09,7.1005802718211995e-09
0.6,5.809258953560095e-12,6.312390566040363e-12,9.396572793596209e-12,1.3231425390694058e-11,2.11120603211563e-11,5.187903854512333e-11,1.5153984260813192e-10,3.9687140474300723e-10,1.394314639055319e-09,3.812724981895274e-09,1.0060255542276643e-08
0.65,8.029579483695957e-12,9.34892404775108e-12,1.468358315448488e-11,2.1613668200275446e-11,3.699607216797967e-11,8.636125448139347e-11,2.3278340233943484e-10,5.678776810557271e-10,1.868204507755082e-09,5.722956951647896e-09,1.6000316808187933e-08
0.7,1.180668356863518e-11,1.3898878718736928e-11,2.175090135352373e-11,3.1782889788022244e-11,5.348000415844885e-11,1.2084347041766354e-10,3.140269620707376e-10,7.388839573684465e-10,2.6321228447956905e-09,8.62291587891926e-09,2.194037807409921e-08
0.75,1.558378765357441e-11,1.844883338972278e-11,2.88182195525626e-11,4.195211137576906e-11,6.996393614891807e-11,1.553256863539337e-10,3.9527052180204053e-10,1.029701363375258e-09,3.953877175658305e-09,1.1522874806190626e-08,3.332639039076734e-08
0.7999999999999999,1.9360891738513632e-11,2.299878806070863e-11,3.588553775160145e-11,5.2121332963515865e-11,8.644786813938723e-11,1.949467042636972e-10,5.731198848502648e-10,1.5049521518372566e-09,5.275631506520915e-09,1.7618294204683527e-08,4.5719258959465305e-08
0.85,2.313799582345286e-11,2.7548742731694474e-11,4.422986119196083e-11,6.70013657724769e-11,1.1912141069736206e-10,2.886599723706986e-10,7.969032268225543e-10,1.980202940299256e-09,7.515516098210592e-09,2.3836391737518673e-08,6.271265338244541e-08
0.9,3.001912279977245e-11,3.799542608561686e-11,6.194075731056537e-11,9.311227440377539e-11,1.6275306207642914e-10,3.823732404776999e-10,1.020686568794844e-09,2.709746276158127e-09,1.0341210557229684e-08,3.235599720087498e-08,8.459843917635969e-08
0.95,3.8512531441706814e-11,4.898264897543026e-11,7.965165342916989e-11,1.1922318303507384e-10,2.0638471345549622e-10,4.760865085847011e-10,1.3979346825261098e-09,3.723115631063662e-09,1.3166905016248763e-08,4.361169389379535e-08,1.0825484555768864e-07
1.0,4.70059400836412e-11,5.99698718652437e-11,9.736254954777441e-11,1.4533409166637238e-10,2.645609745271954e-10,6.627492186822154e-10,1.871947760178626e-09,4.736484985969198e-09,1.7993337519455187e-08,5.4867390586715764e-08,1.4427300975898537e-07
1.0499999999999998,5.682892410056058e-11,7.601239473826857e-11,1.2791502182585565e-10,1.966270925795171e-10,3.542748480576876e-10,8.592701225518292e-10,2.3459608378311395e-09,6.197692324174995e-09,2.309545089138981e-08,7.34285732704272e-08,1.8029117396028197e-07
1.0999999999999999,7.232833160655452e-11,9.712569826276795e-11,1.6288668714688184e-10,2.4911764450887285e-10,4.439887215881802e-10,1.0557910264214442e-09,3.025760169824639e-09,8.023365469811078e-09,2.8708059199360428e-08,9.236856047298783e-08,2.2938368534999132e-07
1.15,8.782773911254843e-11,1.1823900178726735e-10,1.9785835246790806e-10,3.016081964382287e-10,5.360316574016632e-10,1.3621980416962057e-09,3.8747176243113735e-09,9.849038615447163e-09,3.727559555411881e-08,1.1554193466697155e-07,2.8247131878818875e-07
1.2,1.0332714661854237e-10,1.4046860095271639e-10,2.416042328785662e-10,3.7694087247908283e-10,6.924932476719779e-10,1.711029267654171e-09,4.723675078798107e-09,1.2452377753065113e-08,4.5843131908877206e-08,1.440049514604545e-07,3.434040610835128e-07
1.25,1.2516662376348413e-10,1.751223558788314e-10,3.0042078404734753e-10,4.666515393500579e-10,8.489548379422924e-10,2.0598604936121363e-09,5.847066216533715e-09,1.5512288334268072e-08,5.619276019354102e-08,1.724679682539375e-07,4.157856210407235e-07
1.3,1.494545196882641e-10,2.0977611080494645e-10,3.5923733521612866e-10,5.56362206221033e-10,1.0054164282126073e-09,2.531639600968594e-09,7.262574207425969e-09,1.857219891547103e-08,6.904700639355267e-08,2.1130787656726265e-07,4.894583999415846e-07
1.3499999999999999,1.7374241561304394e-10,2.444298657310613e-10,4.180538863849098e-10,6.607371985227958e-10,1.2360192164772901e-09,3.108653360218918e-09,8.678082198318213e-09,2.271235946840398e-08,8.19012525935643e-08,2.508291970768765e-07,5.891550270989388e-07
1.4,2.0098033163217323e-10,2.915970825733718e-10,5.105008609177242e-10,8.042018795520966e-10,1.4907899233310948e-09,3.6856671194692447e-09,1.0385692421088855e-08,2.729624331619476e-08,9.815560751351124e-08,2.971997938807637e-07,6.888516542562933e-07
1.45,2.369267452793103e-10,3.4504977002623214e-10,6.03220199913562e-10,9.476665605813972e-10,1.7455606301848995e-09,4.361574834233954e-09,1.249677589301407e-08,3.188012716398553e-08,1.1597976471504428e-07,3.5256792211168354e-07,8.09190413618731e-07
1.5,2.7287315892644744e-10,3.9850245747909255e-10,6.959395389093998e-10,1.091131241610698e-09,2.055959354033709e-09,5.216251565062241e-09,1.4607859364939285e-08,3.785326413697764e-08,1.3380392191657737e-07,4.0793605034260355e-07,9.388930909907034e-07
1.5499999999999998,3.0881957257358437e-10,4.571992782039933e-10,8.126895114570087e-10,1.293225089472138e-09,2.4282289231776285e-09,6.070928295890527e-09,1.7003502315098855e-08,4.420106023736101e-08,1.5841040599061005e-07,4.797513289358808e-07,1.0763647004600499e-06
1.5999999999999999,3.545032259495875e-10,5.317251482664823e-10,9.444220195565975e-10,1.4996030267609112e-09,2.80049849232155e-09,6.980544270417794e-09,1.9915051263610566e-08,5.05488563377444e-08,1.8335472292230613e-07,5.528798835770476e-07,1.2297103754083079e-06
1.65,4.028590614872533e-10,6.062510183289711e-10,1.0761545276561862e-09,1.7059809640496844e-09,3.1981094356569376e-09,8.151842387567244e-09,2.2826600212122274e-08,5.9085007574929484e-08,2.1006144494097458e-07,6.321240565311077e-07,1.3830560503565657e-06
1.7,4.5121489702491914e-10,6.807768883914602e-10,1.217951084833267e-09,1.9530616084375363e-09,3.701882452342102e-09,9.323140504716697e-09,2.6070971953973874e-08,6.795873019249624e-08,2.429816543674644e-07,7.198172810491072e-07,1.5457152885334377e-06
1.75,5.034404341084695e-10,7.736239387644347e-10,1.391624489914552e-09,2.2283098302621038e-09,4.205655469027265e-09,1.0494438621866146e-08,3.0126077748877806e-08,7.6832452810063e-08,2.759018637939544e-07,8.075105055671067e-07,1.7086699611921164e-06
1.7999999999999998,5.640307582557129e-10,8.701688877851699e-10,1.5652978949958356e-09,2.5035580520866696e-09,4.709428485712427e-09,1.2112226613145978e-08,3.418118354378171e-08,8.837824988190868e-08,3.1202000561351224e-07,9.013572610293027e-07,1.8749131018849667e-06
1.8499999999999999,6.246210824029566e-10,9.667138368059054e-10,1.7389713000771204e-09,2.802932575434367e-09,5.382588761509955e-09,1.3734129129146083e-08,3.852518701442634e-08,1.0007921397683358e-07,3.5147487094916325e-07,9.95784988154257e-07,2.0432594533392657e-06
1.9,6.852114065502002e-10,1.075875552771174e-09,1.9630812641961293e-09,3.1746451438690768e-09,6.072098407619541e-09,1.535603164514619e-08,4.385526695467698e-08,1.1183540098776147e-07,3.909297362848142e-07,1.092018419753113e-06,2.218660663030726e-06
1.95,7.599254644232655e-10,1.202802928945749e-09,2.195133446249116e-09,3.546357712303786e-09,6.761608053729127e-09,1.738137929374326e-08,4.918534689492762e-08,1.2584917979420768e-07,4.3266600113462e-07,1.1908765617423148e-06,2.415161529045247e-06
1.9999999999999998,8.371726286013738e-10,1.3297303051203235e-09,2.4271856283021017e-09,3.918070280738495e-09,7.579294663403573e-09,1.9502458812515076e-08,5.4683229961021345e-08,1.398629586006538e-07,4.7513144552574816e-07,1.2897347037315164e-06,2.6116623950597683e-06
2.05,9.144197927794823e-10,1.456657681294899e-09,2.68951387333062e-09,4.384184219962936e-09,8.471858204891432e-09,2.1623538331286898e-08,6.104823563857137e-08,1.5398566259491206e-07,5.176489293185357e-07,1.404829586476844e-06,2.8162096809500468e-06
2.0999999999999996,9.980046021576387e-10,1.6152024415267838e-09,2.983613593253601e-09,4.8597251026730865e-09,9.36442174637929e-09,2.3994826713363103e-08,6.741324131612137e-08,1.690607108481791e-07,5.620999941928985e-07,1.5217003703646492e-06,3.021738914933893e-06
2.1499999999999995,1.091949403757337e-09,1.7737956121631512e-09,3.277713313176581e-09,5.335265985383238e-09,1.0312451970464884e-08,2.6515874165798153e-08,7.382359546508741e-08,1.841357591014461e-07,6.065510590672613e-07,1.6412121124657057e-06,3.2261472860543737e-06
2.1999999999999997,1.1858942053570365e-09,1.9323887827995197e-09,3.5768899365756015e-09,5.85523098123484e-09,1.1363258216499037e-08,2.9036921618233233e-08,8.065281139573312e-08,1.9933711757768805e-07,6.533907340535168e-07,1.7647647039405132e-06,3.4295692329217403e-06
2.2499999999999996,1.2798390069567352e-09,2.103798058157291e-09,3.916341319500607e-09,6.408941085769225e-09,1.2414064462533174e-08,3.163432487240956e-08,8.748202732637876e-08,2.1510848716061507e-07,7.05949170612144e-07,1.8883172954153195e-06,3.632683383855165e-06
2.3,1.3832388926998986e-09,2.2844242498450496e-09,4.2557927024256164e-09,6.9626511903036115e-09,1.3469207798802424e-08,3.432776261672895e-08,9.432113539869856e-08,2.3087985674354224e-07,7.585076071707717e-07,2.0120431619692223e-06,3.834321622041731e-06
2.3499999999999996,1.487560408529936e-09,2.4650504415328064e-09,4.595244085350622e-09,7.522472971267772e-09,1.4582161560727739e-08,3.7021200361048325e-08,1.0144795996377744e-07,2.473975952041929e-07,8.127641591508111e-07,2.1357906451122054e-06,4.035959860228297e-06
2.3999999999999995,1.591881924359974e-09,2.646498138371057e-09,4.944729866708012e-09,8.103058514980642e-09,1.5695115322653047e-08,3.9742162953393854e-08,1.0857478452885632e-07,2.66037890510798e-07,8.683385942921998e-07,2.2596017345135036e-06,4.228213817948807e-06
2.4499999999999997,1.6963921878744163e-09,2.8321066797869693e-09,5.297816035350422e-09,8.683644058693521e-09,1.680806908457837e-08,4.2541353343163706e-08,1.1570160909393528e-07,2.846781858174033e-07,9.239130294335895e-07,2.3835153252310157e-06,4.4183124063329754e-06
2.4999999999999996,1.8011399513043838e-09,3.017715221202881e-09,5.65090220399283e-09,9.264229602406392e-09,1.7947749577599965e-08,4.534054373293354e-08,1.2406559255725074e-07,3.0368112122287085e-07,9.795792831536688e-07,2.5074289159485256e-06,4.613694281478013e-06
2.55,1.905887714734352e-09,3.2033237626187937e-09,6.005545154989997e-09,9.855249943885612e-09,1.9094575053810862e-08,4.817767369648595e-08,1.3246943426745026e-07,3.233914165114066e-07,1.035264150197769e-06,2.6262336717661894e-06,4.815433101388441e-06
2.5999999999999996,2.0106354781643197e-09,3.3889573138693177e-09,6.3629564779754185e-09,1.0447606162367804e-08,2.024140053002176e-08,5.146560319819889e-08,1.408732759776497e-07,3.4310171179994226e-07,1.0909593576141373e-06,2.7443203150917496e-06,5.020550210199969e-06
2.6499999999999995,2.1130998943569545e-09,3.5745992869147123e-09,6.72036780096084e-09,1.1039962380849999e-08,2.148449383107421e-08,5.475353269991184e-08,1.496987528023339e-07,3.628296973693552e-07,1.1467477695824992e-06,2.8655664412534656e-06,5.258022005067466e-06
2.6999999999999997,2.2155044215576174e-09,3.760241259960107e-09,7.077779123946265e-09,1.1682158738498426e-08,2.282070061121839e-08,5.80414622016248e-08,1.5856883109599053e-07,3.825823467588502e-07,1.2025361815508609e-06,2.9921784464567196e-06,5.495493799934967e-06
2.7499999999999996,2.31790894875828e-09,3.954036592128728e-09,7.486384080796903e-09,1.2365862750612145e-08,2.4156907391362556e-08,6.148220739499402e-08,1.6743890938964702e-07,4.0233499614834506e-07,1.2573727004795031e-06,3.1187904516599707e-06,5.741689022063924e-06
2.7999999999999994,2.4259231447738485e-09,4.16428914031814e-09,7.89582501714139e-09,1.3049566762725865e-08,2.5506783994228475e-08,6.494088465987702e-08,1.7631067158198678e-07,4.2210692061904197e-07,1.3105763957079497e-06,3.266085052819493e-06,5.991026137979068e-06
2.8499999999999996,2.53941241397685e-09,4.374541688507552e-09,8.305265953485878e-09,1.3738429257543329e-08,2.6903051894767998e-08,6.839956192476003e-08,1.8518275478780894e-07,4.418983969672639e-07,1.3637800909363968e-06,3.4166231713239786e-06,6.2233385936951454e-06
2.8999999999999995,2.6529016831798504e-09,4.584794236696964e-09,8.72228487575474e-09,1.444733235718989e-08,2.8299319795307507e-08,7.185043666884381e-08,1.9405483799363102e-07,4.6168987331548554e-07,1.4194612371701933e-06,3.570352171766807e-06,6.4273810556905555e-06
2.9499999999999997,2.76640214735246e-09,4.7990406397264865e-09,9.144191072475536e-09,1.515623545683646e-08,2.969558769584703e-08,7.529816042752096e-08,2.0292963609710754e-07,4.809564303828308e-07,1.4765560656386473e-06,3.7297965493121426e-06,6.631166101964105e-06
2.9999999999999996,2.880188360135012e-09,5.013660438877025e-09,9.566097269196329e-09,1.586513855648302e-08,3.1077761678541447e-08,7.874588418619806e-08,2.1180522042808986e-07,4.998353135625935e-07,1.5336508941071012e-06,3.889240926857476e-06,6.8196318721322255e-06
3.0499999999999994,2.9939745729175633e-09,5.228280238027564e-09,9.985489550507045e-09,1.6562378561232862e-08,3.245914481955269e-08,8.218955210891769e-08,2.206808047590722e-07,5.187141967423564e-07,1.6005748250177966e-06,4.0249858408979675e-06,7.008097642300346e-06
3.0999999999999996,3.1077607857001163e-09,5.439085265385934e-09,1.039655636341391e-08,1.725777973369382e-08,3.3840527960563946e-08,8.562961876137838e-08,2.2925599474513692e-07,5.385005348416411e-07,1.6685292771016622e-06,4.15661760623351e-06,7.223069117495039e-06
3.1499999999999995,3.218016134435958e-09,5.646040367777236e-09,1.0807623176320773e-08,1.7953180906154778e-08,3.521433377402092e-08,8.906968541383907e-08,2.377090746071759e-07,5.58767059161769e-07,1.7371945102751202e-06,4.2852014879911845e-06,7.451866963670921e-06
3.1999999999999997,3.3256005603007192e-09,5.8529954701685375e-09,1.1218689989227637e-08,1.8643031568731382e-08,3.658434192950611e-08,9.24496156063005e-08,2.4616215446921497e-07,5.790335834818969e-07,1.80924523158675e-06,4.408023070859859e-06,7.679845987716286e-06
3.2499999999999996,3.433184986165479e-09,6.059460009154122e-09,1.1622420818031234e-08,1.9327818088591177e-08,3.795435008499128e-08,9.571639547820635e-08,2.5500876310630567e-07,6.021325208626218e-07,1.881295952898379e-06,4.530844653728532e-06,7.905894704121178e-06
3.2999999999999994,3.540274030910455e-09,6.260352242253374e-09,1.2024916754914172e-08,2.001260460845098e-08,3.929476340440595e-08,9.898317535011222e-08,2.6407051724567585e-07,6.262646870939459e-07,1.9478242351229546e-06,4.676862078317838e-06,8.131943420526071e-06
3.3499999999999996,3.6429517287593856e-09,6.461244475352626e-09,1.2427412691797116e-08,2.068953746477105e-08,4.058798363704044e-08,1.0228708183622642e-07,2.7313227138504603e-07,6.503968533252704e-07,2.0073788564196167e-06,4.827304725802663e-06,8.299786624840714e-06
3.3999999999999995,3.745629426608314e-09,6.662136708451877e-09,1.2816667614455342e-08,2.1331174527289898e-08,4.1881203869674924e-08,1.057797118787897e-07,2.831922160091833e-07,6.757196959693843e-07,2.0669334777162784e-06,4.977526211448503e-06,8.463816196463824e-06
3.4499999999999997,3.848307124457245e-09,6.852766572697545e-09,1.3191573263907458e-08,2.1972811589808755e-08,4.318293322465841e-08,1.0927234192135301e-07,2.9396882800339593e-07,7.013191619263029e-07,2.1237193878110203e-06,5.127305955677875e-06,8.604034827347538e-06
3.4999999999999996,3.944962549161726e-09,7.0382061929498605e-09,1.3566478913359568e-08,2.2614448652327602e-08,4.4557440032352524e-08,1.127649719639163e-07,3.047454399976084e-07,7.269186278832213e-07,2.179376320160699e-06,5.2770856999072466e-06,8.726952206501821e-06
3.5499999999999994,4.038120206341381e-09,7.223645813202174e-09,1.394331713705803e-08,2.3286026855061902e-08,4.5931946840046646e-08,1.168962393013264e-07,3.158552343877702e-07,7.485768010122787e-07,2.2350332525103773e-06,5.393592050308299e-06,8.84901329586057e-06
3.5999999999999996,4.13127786352104e-09,7.410953261345754e-09,1.433682104585012e-08,2.39632610401086e-08,4.7306453647740775e-08,1.2103938654542855e-07,3.272755119674271e-07,7.697490137380241e-07,2.3030460047349995e-06,5.503160511685026e-06,8.968035453580883e-06
3.6499999999999995,4.2248101743427364e-09,7.603945012610812e-09,1.4730324954642207e-08,2.4640495225155294e-08,4.888439034745425e-08,1.2518253378953073e-07,3.386957895470837e-07,7.909212264637695e-07,2.371326879906819e-06,5.604147629307996e-06,9.087057611301195e-06
3.6999999999999997,4.320249265840144e-09,7.796936763875871e-09,1.5123828863434306e-08,2.5375930084882938e-08,5.0505792762269244e-08,1.2951603762274967e-07,3.4921698280863706e-07,8.107663203357559e-07,2.439558528361596e-06,5.687008070190273e-06,9.228196755490542e-06
3.7499999999999996,4.415688357337549e-09,7.989928515140928e-09,1.556475870406061e-08,2.6169516335951538e-08,5.2127195177084235e-08,1.338974017334574e-07,3.58653323935483e-07,8.305689490177487e-07,2.507640245893724e-06,5.769868511072552e-06,9.372921638966567e-06
3.7999999999999994,4.511127448834956e-09,8.207946742798471e-09,1.6023416415107578e-08,2.6963102587020138e-08,5.379481006311658e-08,1.3827876584416512e-07,3.680896650623291e-07,8.505870316078441e-07,2.5757219634258516e-06,5.851153255946199e-06,9.506606124972457e-06
3.8499999999999996,4.615754050678586e-09,8.43107161371513e-09,1.648207412615455e-08,2.776256869719165e-08,5.550128360958976e-08,1.4218637888751532e-07,3.7728536248600206e-07,8.749014192151356e-07,2.6344239424497164e-06,5.932080659856181e-06,9.62930101005062e-06
3.8999999999999995,4.724396473157418e-09,8.654196484631792e-09,1.694747030248442e-08,2.859306269690097e-08,5.720775715606291e-08,1.4579921701399366e-07,3.861026546068965e-07,8.992158068224267e-07,2.6843133645642612e-06,6.01867577242019e-06,9.752391752189305e-06
3.9499999999999993,4.833038895636249e-09,8.880509173253146e-09,1.7425276649770214e-08,2.9423556696610302e-08,5.8833929653625524e-08,1.49412055140472e-07,3.94919946727791e-07,9.235236967023068e-07,2.734202786678806e-06,6.117946573570214e-06,9.877878020882888e-06
3.9999999999999996,4.942197619256232e-09,9.111338991254e-09,1.7903082997056006e-08,3.025405069631964e-08,6.023448516874958e-08,1.5291878396119388e-07,4.043859980679554e-07,9.477867244072733e-07,2.774618935248827e-06,6.2172173747202415e-06,1.0003364289576476e-05
4.05,5.0531097231053036e-09,9.342168809254852e-09,1.8380889344341795e-08,3.0959575261001345e-08,6.163504068387364e-08,1.5628701387519464e-07,4.1520390135136316e-07,9.720497521122404e-07,2.812425137072974e-06,6.3047584110649354e-06,1.0135556302112913e-05
4.1,5.164021826954374e-09,9.5729986272557e-09,1.8771249816036494e-08,3.16373719588689e-08,6.303559619899769e-08,1.5965524378919536e-07,4.2602180463477086e-07,9.949853529099885e-07,2.8501891610439477e-06,6.389418438661126e-06,1.0269612485838771e-05
4.1499999999999995,5.274933930803444e-09,9.7593895072015e-09,1.9159450700391084e-08,3.231516865673646e-08,6.433632176294731e-08,1.6321344935039094e-07,4.368321240185037e-07,1.0127817513264722e-06,2.887190691729218e-06,6.474935219955525e-06,1.0391943862802004e-05
4.199999999999999,5.3686998170896054e-09,9.945644094660274e-09,1.9547651584745673e-08,3.296757370925598e-08,6.563519286186644e-08,1.6733811852451093e-07,4.4762083934632785e-07,1.030578149742956e-06,2.924192222414488e-06,6.56248330328547e-06,1.0498290734740765e-05
4.249999999999999,5.4570245627811896e-09,1.0131898682119044e-08,1.9916493193541492e-08,3.359219567789866e-08,6.693406396078554e-08,1.714627876986309e-07,4.58409554674152e-07,1.0471547630993896e-06,2.963919691986433e-06,6.650031386615415e-06,1.0608968353376844e-05
4.3,5.5453493084727745e-09,1.0308403489058187e-08,2.0272422956179614e-08,3.421681764654135e-08,6.843241259120001e-08,1.7558625586648068e-07,4.686356308693256e-07,1.0606566450160748e-06,3.009417740204279e-06,6.742693106950246e-06,1.0783198452486057e-05
4.35,5.631012426976093e-09,1.0477852408604702e-08,2.0628352718817733e-08,3.4859569074757084e-08,7.001583166199767e-08,1.796933911633437e-07,4.7654461457650445e-07,1.0741585269327602e-06,3.054915788422123e-06,6.836710118558753e-06,1.095742855159527e-05
4.3999999999999995,5.710182390548256e-09,1.0647301328151217e-08,2.1000790603259843e-08,3.5616896835630276e-08,7.159925073279533e-08,1.838005264602067e-07,4.844535982836833e-07,1.087561945885474e-06,3.0965075538671264e-06,6.9254043462622025e-06,1.1114465130967808e-05
4.449999999999999,5.7893523541204195e-09,1.082226124927139e-08,2.1430453378588195e-08,3.637422459650346e-08,7.317733297959315e-08,1.879076617570697e-07,4.92112295911449e-07,1.1007924251382246e-06,3.1353762894596945e-06,7.000700923626281e-06,1.1264288496260224e-05
4.499999999999999,5.8685223176925846e-09,1.1025446667295212e-08,2.186011615391654e-08,3.7131552357376654e-08,7.474805450351903e-08,1.9103947714101482e-07,4.981096520960927e-07,1.1140229043909753e-06,3.1742450250522634e-06,7.075997500990357e-06,1.1374437666154947e-05
4.55,5.959660319856806e-09,1.1228632085319034e-08,2.2289778929244898e-08,3.788130530578345e-08,7.631877602744497e-08,1.9404561106906093e-07,5.041070082807363e-07,1.1286041755193475e-06,3.2143674949230704e-06,7.189527439775035e-06,1.1409303036667515e-05
4.6,6.053383466178169e-09,1.1431817503342854e-08,2.271353112803994e-08,3.862911355581457e-08,7.783010380967053e-08,1.97051744997107e-07,5.100961977305284e-07,1.1448938409935842e-06,3.254698042148947e-06,7.31395653577754e-06,1.144416840718008e-05
4.6499999999999995,6.147106612499534e-09,1.1631697701742194e-08,2.3136222949193847e-08,3.937692180584569e-08,7.897528962808043e-08,1.9954427619199235e-07,5.159707043398715e-07,1.161183506467821e-06,3.2954135465879815e-06,7.433774682568406e-06,1.1444664189590974e-05
4.699999999999999,6.2397562042783965e-09,1.1830455855170294e-08,2.3558914770347748e-08,4.003141237629386e-08,8.012047544649036e-08,2.018200305610655e-07,5.218452109492146e-07,1.1762449993758966e-06,3.3387975706785365e-06,7.541252143325625e-06,1.1444664189590974e-05
4.749999999999999,6.330446669266801e-09,1.2029214008598389e-08,2.392632639686529e-08,4.057404340116215e-08,8.126566126490029e-08,2.040957849301387e-07,5.277224660512065e-07,1.1901742128180753e-06,3.3821815947690897e-06,7.648729604082844e-06,1.1476186959298354e-05
4.8,6.421137134255208e-09,1.2209529497122208e-08,2.4231869896230536e-08,4.111667442603045e-08,8.216873996891325e-08,2.063455669124281e-07,5.349530686002452e-07,1.2041034262602538e-06,3.4222023896680135e-06,7.693165146395795e-06,1.1526507362564863e-05
4.85,6.511827599243615e-09,1.2352361156104726e-08,2.453741339559578e-08,4.1643848355609356e-08,8.3032027143397e-08,2.085714272982821e-07,5.42183671149284e-07,1.2183634298450336e-06,3.457060807602217e-06,7.718325705925881e-06,1.1576827765831374e-05
4.8999999999999995,6.5792725602171246e-09,1.2495192815087252e-08,2.483553959476243e-08,4.205079029077694e-08,8.389531431788078e-08,2.1079728768413616e-07,5.494142736983226e-07,1.2328448140241493e-06,3.4919192255364198e-06,7.736952516788326e-06,1.162714816909788e-05
4.949999999999999,6.643715444137775e-09,1.2638024474069772e-08,2.5063721136611256e-08,4.245773222594452e-08,8.474578405666057e-08,2.1319546151220887e-07,5.556616356860835e-07,1.2473261982032653e-06,3.541975129230788e-06,7.736952516788326e-06,1.1677468572364391e-05
4.999999999999999,6.7081583280584275e-09,1.2747215731609909e-08,2.5291902678460084e-08,4.28646741611121e-08,8.558690015008957e-08,2.1593127103293876e-07,5.618435333395631e-07,1.2625616639894435e-06,3.5997593231420455e-06,7.736952516788326e-06,1.1682109966621523e-05
5.05,6.765420224981185e-09,1.2853200260287359e-08,2.5520084220308922e-08,4.3262086338407875e-08,8.642801624351857e-08,2.186670805536687e-07,5.680254309930428e-07,1.2781555386356406e-06,3.6575435170533037e-06,7.764957085103843e-06,1.1682109966621523e-05
5.1,6.8126530024033424e-09,1.2959184788964803e-08,2.5742678665701895e-08,4.3656700253202846e-08,8.732526698416218e-08,2.2134095779040628e-07,5.744203439568448e-07,1.293749413281837e-06,3.708074212228446e-06,7.802122073266369e-06,1.1722174611023298e-05
5.1499999999999995,6.8598857798255015e-09,1.3063082117165234e-08,2.596309898954005e-08,4.4051314167997804e-08,8.835514358149327e-08,2.236778602273027e-07,5.808462103942941e-07,1.307043609571969e-06,3.7580699443648064e-06,7.839287061428895e-06,1.17952287253834e-05
5.199999999999999,6.907118557247659e-09,1.3164860090151024e-08,2.6183519313378203e-08,4.448320868200769e-08,8.938502017882436e-08,2.2601476266419915e-07,5.872720768317433e-07,1.319597960724588e-06,3.8004231618798022e-06,7.876452049591421e-06,1.1884665569633088e-05
5.249999999999999,6.952088219266361e-09,1.3266638063136816e-08,2.6420156588081437e-08,4.4964096992731127e-08,9.041235892854643e-08,2.2835166510109553e-07,5.940967597866891e-07,1.3321523118772073e-06,3.8121541402395356e-06,7.913617037753947e-06,1.2044361722908515e-05
5.3,6.996935966964874e-09,1.337008699567844e-08,2.668773710795908e-08,4.544498530345458e-08,9.128986767292294e-08,2.307745648386201e-07,6.010157993209087e-07,1.3516361422807526e-06,3.823885118599269e-06,7.923235478593305e-06,1.2204057876183943e-05
5.35,7.041783714663386e-09,1.3492914052976395e-08,2.695531762783672e-08,4.591926717262574e-08,9.216737641729948e-08,2.3319988668188196e-07,6.079348388551281e-07,1.3724857790148641e-06,3.8301243433705785e-06,7.923235478593305e-06,1.2303137651411896e-05
5.3999999999999995,7.090795046540176e-09,1.3615741110274352e-08,2.722289814771436e-08,4.6327730044693465e-08,9.304488516167597e-08,2.3562520852514376e-07,6.138503628989321e-07,1.3933354157489759e-06,3.8301243433705785e-06,7.936213003001557e-06,1.238977969032722e-05
5.449999999999999,7.1443076678581766e-09,1.3738568167572308e-08,2.7450915901081545e-08,4.6736192916761173e-08,9.394381206950495e-08,2.3819615216104557e-07,6.194209968466304e-07,1.4116326523339983e-06,3.8301243433705785e-06,7.99142847876411e-06,1.2435664682835616e-05
5.499999999999999,7.197820289176176e-09,1.3848694083448821e-08,2.7677620103929542e-08,4.71446557888289e-08,9.485042448353946e-08,2.4080581510766605e-07,6.249916307943287e-07,1.4296900686341378e-06,3.8430123940728924e-06,8.04664395452666e-06,1.2435664682835616e-05
5.549999999999999,7.251227399865489e-09,1.3952352207387973e-08,2.7904324306777543e-08,4.756149451210065e-08,9.575703689757393e-08,2.434154780542866e-07,6.330655969765356e-07,1.4477474849342773e-06,3.860510137519438e-06,8.149959108771713e-06,1.2435664682835616e-05
5.6,7.2960505999932775e-09,1.4056010331327122e-08,2.8134061392086938e-08,4.7981120457421644e-08,9.669410295182189e-08,2.4571467964408e-07,6.423188310790331e-07,1.4520887629628619e-06,3.878007880965987e-06,8.271166508922928e-06,1.2435664682835616e-05
5.6499999999999995,7.340873800121063e-09,1.4160060206962335e-08,2.8365889910101494e-08,4.8400746402742656e-08,9.76676174679746e-08,2.4781313525599277e-07,6.515720651815306e-07,1.456331556928162e-06,3.8955056244125324e-06,8.380076859711144e-06,1.2435664682835616e-05
5.699999999999999,7.38569700024885e-09,1.4265312140314757e-08,2.859771842811604e-08,4.883257022272083e-08,9.864113198412726e-08,2.4991159086790547e-07,6.600632935203512e-07,1.4602704362042355e-06,3.91300336785908e-06,8.446068784099808e-06,1.2522910648496238e-05
5.749999999999999,7.430559266001129e-09,1.437056407366719e-08,2.8832986150094992e-08,4.928198935809928e-08,9.958088055132376e-08,2.5259762219939243e-07,6.680781427989506e-07,1.4602704362042355e-06,3.925717529791471e-06,8.512060708488472e-06,1.2638970991971045e-05
5.799999999999999,7.475454308065529e-09,1.447581600701962e-08,2.908074747002551e-08,4.9731408493477724e-08,1.0036085795060003e-07,2.560797100418929e-07,6.760929920775502e-07,1.4602704362042355e-06,3.925717529791471e-06,8.530766238299457e-06,1.2755031335445847e-05
5.85,7.520349350129932e-09,1.4586760055926864e-08,2.9328508789956042e-08,5.017459199151405e-08,1.0114083534987629e-07,2.5956179788439354e-07,6.807302561464835e-07,1.4612277694731985e-06,3.925717529791471e-06,8.530766238299457e-06,1.2871091678920651e-05
5.8999999999999995,7.565442561431318e-09,1.4698878217858706e-08,2.9576270109886567e-08,5.0533004834655785e-08,1.0192081274915256e-07,2.629307958916068e-07,6.826137570616556e-07,1.467593417020413e-06,3.9399557219979735e-06,8.530766238299457e-06,1.2983316065771738e-05
5.949999999999999,7.612965796543435e-09,1.481099637979055e-08,2.9781269767737604e-08,5.089141767779754e-08,1.0315677620852721e-07,2.6594559641624044e-07,6.844972579768275e-07,1.4739590645676268e-06,3.966235309394066e-06,8.530766238299457e-06,1.2983316065771738e-05
5.999999999999999,7.660489031655548e-09,1.4913403936904644e-08,2.997811541317931e-08,5.124983052093929e-08,1.044469546147123e-07,2.6896039694087414e-07,6.854645849201774e-07,1.4803247121148408e-06,3.992514896790161e-06,8.530766238299457e-06,1.2983316065771738e-05
6.049999999999999,7.708012266767664e-09,1.5001964545121923e-08,3.0174961058621014e-08,5.1777082233704696e-08,1.0573713302089737e-07,2.718382639384576e-07,6.854645849201774e-07,1.486690359662055e-06,4.044340813273496e-06,8.594978615155821e-06,1.2983316065771738e-05
6.1,7.749219694843403e-09,1.5090525153339208e-08,3.043042083239523e-08,5.2367537950165135e-08,1.069200592995521e-07,2.7254643515835225e-07,6.854645849201774e-07,1.493056007209269e-06,4.1021508838416984e-06,8.686160338457097e-06,1.2983316065771738e-05
6.1499999999999995,7.786338503534997e-09,1.5179085761556487e-08,3.075363131719639e-08,5.2957993666625535e-08,1.0803527746286033e-07,2.7325460637824687e-07,6.866583381560589e-07,1.4974616076919897e-06,4.1578947378058395e-06,8.777342061758371e-06,1.2983316065771738e-05
6.199999999999999,7.823457312226588e-09,1.5323495864849283e-08,3.107684180199756e-08,5.351707947349744e-08,1.0915049562616858e-07,2.739627775981415e-07,6.894873382462079e-07,1.4974616076919897e-06,4.189425220977947e-06,8.868523785059646e-06,1.2983316065771738e-05
6.249999999999999,7.863753910210135e-09,1.5468163295077396e-08,3.1396110516177736e-08,5.4026417264545655e-08,1.0998200202423608e-07,2.740500831249073e-07,6.923163383363568e-07,1.4974616076919897e-06,4.2209557041500554e-06,8.95970550836092e-06,1.2983316065771738e-05
6.299999999999999,7.923790533069547e-09,1.561283072530551e-08,3.1674448702066594e-08,5.453575505559389e-08,1.1024338438185674e-07,2.740500831249073e-07,6.951453384265056e-07,1.501182751479848e-06,4.2415439030442825e-06,8.98779857757437e-06,1.2983316065771738e-05
6.35,7.983827155928963e-09,1.5745689446324392e-08,3.195278688795547e-08,5.502721002581496e-08,1.1050476673947744e-07,2.740500831249073e-07,6.979743385166543e-07,1.5108063200566517e-06,4.2415439030442825e-06,8.98779857757437e-06,1.2983316065771738e-05
6.3999999999999995,8.043863778788378e-09,1.5869948459608163e-08,3.2231125073844335e-08,5.5146266680978625e-08,1.1075267494916869e-07,2.7478697776133744e-07,7.00803338606803e-07,1.5204298886334552e-06,4.2415439030442825e-06,8.98779857757437e-06,1.2983316065771738e-05
6.449999999999999,8.09804979906186e-09,1.5994207472891934e-08,3.2357541737629285e-08,5.5265323336142305e-08,1.1075267494916869e-07,2.758486805881798e-07,7.028032478127986e-07,1.535440178309923e-06,4.2415439030442825e-06,8.98779857757437e-06,1.2983316065771738e-05
6.499999999999999,8.149357953038183e-09,1.6103032079571138e-08,3.242245903225051e-08,5.538437999130597e-08,1.1075267494916869e-07,2.76910383415022e-07,7.028032478127986e-07,1.5566374005076705e-06,4.2415439030442825e-06,8.98779857757437e-06,1.2983316065771738e-05
6.549999999999999,8.200666107014506e-09,1.613191423763746e-08,3.248737632687173e-08,5.541951112287533e-08,1.1075267494916869e-07,2.7797208624186437e-07,7.028032478127986e-07,1.5778346227054188e-06,4.2415439030442825e-06,8.98779857757437e-06,1.2983316065771738e-05
6.6,8.24400629915684e-09,1.6160796395703792e-08,3.25304920722067e-08,5.541951112287533e-08,1.110525659914469e-07,2.7903378906870667e-07,7.037826954680831e-07,1.593794801137715e-06,4.280702399327789e-06,8.98779857757437e-06,1.2983316065771738e-05
6.6499999999999995,8.255853298883903e-09,1.618967855377012e-08,3.25304920722067e-08,5.541951112287533e-08,1.1144162052385267e-07,2.8009549189554896e-07,7.080669102538573e-07,1.6053684547586593e-06,4.325006055581922e-06,8.98779857757437e-06,1.2983316065771738e-05
6.699999999999999,8.267700298610969e-09,1.6197042596400355e-08,3.25304920722067e-08,5.548338823202459e-08,1.1183067505625841e-07,2.808081364848766e-07,7.123511250396313e-07,1.6169421083796042e-06,4.369309711836056e-06,8.98779857757437e-06,1.2983316065771738e-05
6.749999999999999,8.27954729833803e-09,1.6197042596400355e-08,3.25304920722067e-08,5.565886446565475e-08,1.1221972958866419e-07,2.808081364848766e-07,7.174817823580278e-07,1.6213059644480439e-06,4.413613368090189e-06,8.98779857757437e-06,1.2983316065771738e-05
6.799999999999999,8.282703948259755e-09,1.6197042596400355e-08,3.262158760808151e-08,5.583434069928488e-08,1.1260878412106992e-07,2.808081364848766e-07,7.269219809688924e-07,1.6213059644480439e-06,4.457917024344322e-06,8.98779857757437e-06,1.2983316065771738e-05
6.85,8.282703948259755e-09,1.6210729198689175e-08,3.2716495444286385e-08,5.600981693291503e-08,1.1299783865347569e-07,2.8104279219860535e-07,7.363621795797572e-07,1.6213059644480439e-06,4.483582408430204e-06,8.98779857757437e-06,1.2983316065771738e-05
6.8999999999999995,8.282703948259755e-09,1.625242646998806e-08,3.281140328049126e-08,5.618529316654519e-08,1.1330544031093281e-07,2.8264866156489344e-07,7.453751722424089e-07,1.6213059644480439e-06,4.483582408430204e-06,8.98779857757437e-06,1.2983316065771738e-05
6.949999999999999,8.287130009343566e-09,1.629412374128694e-08,3.290631111669613e-08,5.636076940017533e-08,1.1330544031093281e-07,2.842545309311816e-07,7.505311560674991e-07,1.6213059644480439e-06,4.483582408430204e-06,8.98779857757437e-06,1.2983316065771738e-05
6.999999999999999,8.30382091357248e-09,1.6335821012585822e-08,3.300121895290101e-08,5.6536245633805485e-08,1.1330544031093281e-07,2.858604002974697e-07,7.556871398925896e-07,1.6213059644480439e-06,4.483582408430204e-06,8.98779857757437e-06,1.31858464754805e-05
7.049999999999999,8.320511817801394e-09,1.6377518283884702e-08,3.3096126789105894e-08,5.659200803273985e-08,1.1330544031093281e-07,2.893278046901596e-07,7.606612952279055e-07,1.6341282129603196e-06,4.483582408430204e-06,8.98779857757437e-06,1.3439326131285197e-05
7.1,8.337202722030308e-09,1.6419215555183585e-08,3.317131058160612e-08,5.659200803273985e-08,1.1384833427435463e-07,2.928657782148157e-07,7.606612952279055e-07,1.6505571217256732e-06,4.483582408430204e-06,8.98779857757437e-06,1.3692805787089893e-05
7.1499999999999995,8.353893626259223e-09,1.6460912826482468e-08,3.317131058160612e-08,5.659200803273985e-08,1.1443295144362256e-07,2.964037517394716e-07,7.606612952279055e-07,1.6669860304910263e-06,4.483582408430204e-06,8.98779857757437e-06,1.394628544289459e-05
7.199999999999999,8.370584530488138e-09,1.6481984574683257e-08,3.317131058160612e-08,5.668120590528876e-08,1.1501756861289043e-07,2.9868781875232356e-07,7.606612952279055e-07,1.6834149392563796e-06,4.483582408430204e-06,8.98779857757437e-06,1.417940492688864e-05
7.249999999999999,8.387275434717051e-09,1.6481984574683257e-08,3.317131058160612e-08,5.6942535681984676e-08,1.160569978397937e-07,3.0061992291069143e-07,7.606612952279055e-07,1.6998438480217326e-06,4.483582408430204e-06,8.98779857757437e-06,1.417940492688864e-05
7.299999999999999,8.398484429596521e-09,1.6481984574683257e-08,3.3288010114609404e-08,5.72038654586806e-08,1.1734359154693015e-07,3.025520270690593e-07,7.606612952279055e-07,1.716272756787086e-06,4.483582408430204e-06,8.98779857757437e-06,1.417940492688864e-05
7.35,8.398484429596521e-09,1.648672809630943e-08,3.342830451063507e-08,5.746532777592101e-08,1.1863018525406657e-07,3.033283872191576e-07,7.606612952279055e-07,1.7172915430898158e-06,4.483582408430204e-06,8.98779857757437e-06,1.417940492688864e-05
7.3999999999999995,8.398484429596521e-09,1.6547655611504176e-08,3.3568598906660724e-08,5.803956991181149e-08,1.197021235669468e-07,3.033283872191576e-07,7.673179659877335e-07,1.7172915430898158e-06,4.483582408430204e-06,9.017487936968528e-06,1.417940492688864e-05
7.449999999999999,8.398484429596521e-09,1.660858312669892e-08,3.3785284901244636e-08,5.861381204770196e-08,1.2040410010481537e-07,3.033283872191576e-07,7.746623337566209e-07,1.7172915430898158e-06,4.483582408430204e-06,9.23508445284582e-06,1.417940492688864e-05
7.499999999999999,8.418991918915043e-09,1.6669510641893666e-08,3.409317283265599e-08,5.9188054183592424e-08,1.2110607664268385e-07,3.033283872191576e-07,7.820067015255082e-07,1.7172915430898158e-06,4.483582408430204e-06,9.45268096872311e-06,1.417940492688864e-05
7.549999999999999,8.44283599626793e-09,1.6778376593857185e-08,3.440106076406733e-08,5.958994303200039e-08,1.2174737216540143e-07,3.033283872191576e-07,7.893510692943954e-07,1.7172915430898158e-06,4.483582408430204e-06,9.6702774846004e-06,
7.599999999999999,8.466680073620814e-09,1.6911821516270782e-08,3.469775172989087e-08,5.990285539119496e-08,1.2174737216540143e-07,3.033283872191576e-07,7.966954370632828e-07,1.7172915430898158e-06,4.483582408430204e-06,9.887874000477689e-06,
7.6499999999999995,8.501561237537714e-09,1.7045266438684385e-08,3.4865345265276567e-08,6.021576775038954e-08,1.2174737216540143e-07,3.039690068138156e-07,8.040398048321704e-07,1.7172915430898158e-06,4.483582408430204e-06,1.0078462814538606e-05,
7.699999999999999,8.553583012145888e-09,1.7163828777852847e-08,3.5032938800662254e-08,6.04289785210893e-08,1.2174737216540143e-07,3.0671983592241376e-07,8.05674201854385e-07,1.7172915430898158e-06,4.483582408430204e-06,1.0078462814538606e-05,
7.749999999999999,8.60560478675406e-09,1.7236346185071697e-08,3.520053233604795e-08,6.04289785210893e-08,1.2174737216540143e-07,3.094706650310119e-07,8.05674201854385e-07,1.7172915430898158e-06,4.483582408430204e-06,1.0078462814538606e-05,
7.799999999999999,8.657626561362234e-09,1.7308863592290557e-08,3.5250172487625985e-08,6.04289785210893e-08,1.2174737216540143e-07,3.1222149413961013e-07,8.05674201854385e-07,1.7172915430898158e-06,4.483582408430204e-06,1.0078462814538606e-05,
7.849999999999999,8.687632496512583e-09,1.738138099950941e-08,3.5250172487625985e-08,6.04289785210893e-08,1.2174737216540143e-07,3.149723232482082e-07,8.05674201854385e-07,1.7172915430898158e-06,4.483582408430204e-06,1.0078462814538606e-05,
7.8999999999999995,8.715810193767872e-09,1.7393892212758343e-08,3.5250172487625985e-08,6.04289785210893e-08,1.2226831461014517e-07,3.177231523568065e-07,8.05674201854385e-07,1.7172915430898158e-06,4.483582408430204e-06,1.0078462814538606e-05,
7.949999999999999,8.74398789102316e-09,1.7393892212758343e-08,3.5250172487625985e-08,6.04289785210893e-08,1.2326061601407657e-07,3.204739814654047e-07,8.05674201854385e-07,1.7172915430898158e-06,4.483582408430204e-06,1.0078462814538606e-05,
7.999999999999999,8.759346011540831e-09,1.7393892212758343e-08,3.5250172487625985e-08,6.04289785210893e-08,1.2425291741800794e-07,3.2083823030336024e-07,8.05674201854385e-07,1.7172915430898158e-06,4.483582408430204e-06,1.0078462814538606e-05,
8.049999999999999,8.759346011540831e-09,1.7393892212758343e-08,3.5250172487625985e-08,6.070775492877364e-08,1.2524521882193936e-07,3.2083823030336024e-07,8.05674201854385e-07,1.7172915430898158e-06,4.483582408430204e-06,,
8.1,8.759346011540831e-09,1.7393892212758343e-08,3.5250172487625985e-08,6.114551427441774e-08,1.2623752022587076e-07,3.2083823030336024e-07,8.05674201854385e-07,1.7172915430898158e-06,4.5772019653353685e-06,,
8.15,8.759346011540831e-09,1.7393892212758343e-08,3.547139026402302e-08,6.158327362006183e-08,1.2722982162980218e-07,3.2083823030336024e-07,8.05674201854385e-07,1.7172915430898158e-06,4.689131029901304e-06,,
8.2,8.759346011540831e-09,1.7393892212758343e-08,3.570381122721855e-08,6.202103296570591e-08,1.2822212303373353e-07,3.2083823030336024e-07,8.05674201854385e-07,1.7172915430898158e-06,4.801060094467236e-06,,
8.25,8.759346011540831e-09,1.749248494465968e-08,3.5936232190414085e-08,6.245879231135e-08,1.2825831713941879e-07,3.2083823030336024e-07,8.05674201854385e-07,1.7172915430898158e-06,4.91298915903317e-06,,
8.3,8.759346011540831e-09,1.75916842971572e-08,3.6168653153609627e-08,6.28965516569941e-08,1.2825831713941879e-07,3.2083823030336024e-07,8.05674201854385e-07,1.7172915430898158e-06,5.024918223599103e-06,,
8.35,8.778790731746535e-09,1.7690883649654718e-08,3.640107411680517e-08,6.333431100263818e-08,1.2825831713941879e-07,3.2083823030336024e-07,8.05674201854385e-07,1.7172915430898158e-06,5.0950701678463354e-06,,
8.4,8.816313326492964e-09,1.779008300215224e-08,3.663349508000071e-08,6.335399844779825e-08,1.2825831713941879e-07,3.2083823030336024e-07,8.05674201854385e-07,1.7172915430898158e-06,5.0950701678463354e-06,,
8.45,8.85383592123939e-09,1.7889282354649756e-08,3.6819480788645816e-08,6.335399844779825e-08,1.2825831713941879e-07,3.2083823030336024e-07,8.05674201854385e-07,1.7172915430898158e-06,5.0950701678463354e-06,,
8.5,8.89135851598582e-09,1.798848170714728e-08,3.6819480788645816e-08,6.335399844779825e-08,1.2825831713941879e-07,3.2083823030336024e-07,8.05674201854385e-07,1.7172915430898158e-06,5.0950701678463354e-06,,
8.55,8.928881110732247e-09,1.8071779730682904e-08,3.6819480788645816e-08,6.335399844779825e-08,1.2825831713941879e-07,3.2083823030336024e-07,8.05674201854385e-07,1.7172915430898158e-06,5.0950701678463354e-06,,
8.6,8.966403705478674e-09,1.8071779730682904e-08,3.6819480788645816e-08,6.335399844779825e-08,1.2825831713941879e-07,3.2083823030336024e-07,8.05674201854385e-07,1.7172915430898158e-06,5.0950701678463354e-06,,
8.65,9.003926300225104e-09,1.8071779730682904e-08,3.6819480788645816e-08,6.335399844779825e-08,1.2825831713941879e-07,3.2083823030336024e-07,8.05674201854385e-07,1.7450950034159055e-06,5.0950701678463354e-06,,
8.7,9.019630536642824e-09,1.8071779730682904e-08,3.6819480788645816e-08,6.335399844779825e-08,1.2825831713941879e-07,3.2083823030336024e-07,8.05674201854385e-07,1.7880794495610922e-06,5.0950701678463354e-06,,
8.75,9.019630536642824e-09,1.8071779730682904e-08,3.6819480788645816e-08,6.335399844779825e-08,1.2825831713941879e-07,3.2083823030336024e-07,8.05674201854385e-07,1.83106389570628e-06,,,
8.8,9.019630536642824e-09,1.8071779730682904e-08,3.6819480788645816e-08,6.335399844779825e-08,1.2825831713941879e-07,3.2083823030336024e-07,8.05674201854385e-07,1.8740483418514675e-06,,,
8.85,9.019630536642824e-09,1.8071779730682904e-08,3.6819480788645816e-08,6.335399844779825e-08,1.2825831713941879e-07,3.2083823030336024e-07,8.05674201854385e-07,1.9170327879966533e-06,,,
8.9,9.019630536642824e-09,1.8071779730682904e-08,3.6819480788645816e-08,6.335399844779825e-08,1.2825831713941879e-07,3.2083823030336024e-07,8.05674201854385e-07,1.9600172341418407e-06,,,
8.95,9.019630536642824e-09,1.8071779730682904e-08,3.6819480788645816e-08,6.335399844779825e-08,1.2825831713941879e-07,3.2083823030336024e-07,8.05674201854385e-07,1.9684273303030797e-06,,,
9.0,9.019630536642824e-09,1.8071779730682904e-08,3.6819480788645816e-08,6.335399844779825e-08,1.2825831713941879e-07,3.2083823030336024e-07,8.05674201854385e-07,1.9684273303030797e-06,,,
9.05,9.019630536642824e-09,1.8071779730682904e-08,3.6819480788645816e-08,6.335399844779825e-08,1.2825831713941879e-07,3.2083823030336024e-07,8.095236802047219e-07,1.9684273303030797e-06,,,
9.1,9.019630536642824e-09,1.8071779730682904e-08,3.6819480788645816e-08,6.335399844779825e-08,1.2825831713941879e-07,3.2083823030336024e-07,8.290240121888665e-07,1.9684273303030797e-06,,,
9.15,9.019630536642824e-09,1.8071779730682904e-08,3.6819480788645816e-08,6.335399844779825e-08,1.2825831713941879e-07,3.2083823030336024e-07,8.485243441730116e-07,1.9684273303030797e-06,,,
9.2,9.019630536642824e-09,1.8071779730682904e-08,3.6819480788645816e-08,6.335399844779825e-08,1.2825831713941879e-07,3.2083823030336024e-07,8.680246761571561e-07,1.9684273303030797e-06,,,
9.25,9.019630536642824e-09,1.8071779730682904e-08,3.6819480788645816e-08,6.335399844779825e-08,1.2825831713941879e-07,3.2083823030336024e-07,8.875250081413008e-07,1.9684273303030797e-06,,,
9.3,9.019630536642824e-09,1.8071779730682904e-08,3.6819480788645816e-08,6.335399844779825e-08,1.2825831713941879e-07,3.2083823030336024e-07,9.070253401254458e-07,1.9684273303030797e-06,,,
9.35,9.019630536642824e-09,1.8071779730682904e-08,3.6819480788645816e-08,6.335399844779825e-08,1.2825831713941879e-07,3.2083823030336024e-07,9.251898157791261e-07,,,,
9.4,9.019630536642824e-09,1.8071779730682904e-08,3.6819480788645816e-08,6.335399844779825e-08,1.2825831713941879e-07,3.2247808585793114e-07,9.251898157791261e-07,,,,
9.45,9.019630536642824e-09,1.8071779730682904e-08,3.6819480788645816e-08,6.335399844779825e-08,1.2825831713941879e-07,3.2980700851410735e-07,9.251898157791261e-07,,,,
9.5,9.019630536642824e-09,1.8071779730682904e-08,3.6819480788645816e-08,6.335399844779825e-08,1.2825831713941879e-07,3.371359311702838e-07,9.251898157791261e-07,,,,
9.55,9.019630536642824e-09,1.8071779730682904e-08,3.6819480788645816e-08,6.335399844779825e-08,1.2825831713941879e-07,3.4446485382646024e-07,9.251898157791261e-07,,,,
9.6,9.019630536642824e-09,1.8071779730682904e-08,3.6819480788645816e-08,6.335399844779825e-08,1.2825831713941879e-07,3.5179377648263645e-07,9.251898157791261e-07,,,,
9.65,9.019630536642824e-09,1.8071779730682904e-08,3.6819480788645816e-08,6.335399844779825e-08,1.2825831713941879e-07,3.591226991388131e-07,9.251898157791261e-07,,,,
9.7,9.019630536642824e-09,1.8071779730682904e-08,3.6819480788645816e-08,6.335399844779825e-08,1.293978780758409e-07,3.6645162179498934e-07,9.251898157791261e-07,,,,
9.75,9.019630536642824e-09,1.8071779730682904e-08,3.6819480788645816e-08,6.335399844779825e-08,1.3200581007741492e-07,3.67488996534092e-07,9.251898157791261e-07,,,,
9.8,9.019630536642824e-09,1.8071779730682904e-08,3.6819480788645816e-08,6.335399844779825e-08,1.3461374207898893e-07,3.67488996534092e-07,9.251898157791261e-07,,,,
9.85,9.019630536642824e-09,1.8071779730682904e-08,3.6819480788645816e-08,6.335399844779825e-08,1.3722167408056283e-07,3.67488996534092e-07,,,,,
9.9,9.019630536642824e-09,1.8071779730682904e-08,3.6819480788645816e-08,6.435147555348858e-08,1.3982960608213687e-07,3.67488996534092e-07,,,,,
9.95,9.019630536642824e-09,1.8071779730682904e-08,3.6819480788645816e-08,6.547611368632225e-08,1.4243753808371082e-07,3.67488996534092e-07,,,,,
10.0,9.019630536642824e-09,1.8071779730682904e-08,3.72970796669013e-08,6.660075181915598e-08,1.4504547008528483e-07,3.67488996534092e-07,,,,,
10.05,9.019630536642824e-09,1.8071779730682904e-08,3.788255067603822e-08,6.77253899519897e-08,1.4537015603328074e-07,3.67488996534092e-07,,,,,
10.1,9.019630536642824e-09,1.817086524720094e-08,3.846802168517511e-08,6.885002808482338e-08,1.4537015603328074e-07,3.67488996534092e-07,,,,,
10.15,9.019630536642824e-09,1.8413039243334454e-08,3.9053492694312024e-08,6.997466621765709e-08,1.4537015603328074e-07,3.67488996534092e-07,,,,,
10.2,9.019630536642824e-09,1.8655213239467966e-08,3.963896370344892e-08,7.086860431882815e-08,1.4537015603328074e-07,,,,,,
10.25,9.051136562827962e-09,1.8897387235601484e-08,4.0224434712585826e-08,7.086860431882815e-08,1.4537015603328074e-07,,,,,,
10.3,9.137186252400569e-09,1.9139561231734993e-08,4.077258597336194e-08,7.086860431882815e-08,1.4537015603328074e-07,,,,,,
10.35,9.223235941973171e-09,1.9381735227868502e-08,4.077258597336194e-08,7.086860431882815e-08,1.4537015603328074e-07,,,,,,
10.4,9.309285631545778e-09,1.9623909224002017e-08,4.077258597336194e-08,7.086860431882815e-08,1.4537015603328074e-07,,,,,,
10.45,9.395335321118381e-09,1.9726697076528717e-08,4.077258597336194e-08,7.086860431882815e-08,1.4537015603328074e-07,,,,,,
10.5,9.481385010690986e-09,1.9726697076528717e-08,4.077258597336194e-08,7.086860431882815e-08,,,,,,,
10.55,9.567434700263591e-09,1.9726697076528717e-08,4.077258597336194e-08,7.086860431882815e-08,,,,,,,
10.6,9.616534954819053e-09,1.9726697076528717e-08,4.077258597336194e-08,7.086860431882815e-08,,,,,,,
10.65,9.616534954819053e-09,1.9726697076528717e-08,4.077258597336194e-08,7.086860431882815e-08,,,,,,,
10.7,9.616534954819053e-09,1.9726697076528717e-08,4.077258597336194e-08,,,,,,,,
10.75,9.616534954819053e-09,1.9726697076528717e-08,4.077258597336194e-08,,,,,,,,
10.799999999999999,9.616534954819053e-09,1.9726697076528717e-08,4.077258597336194e-08,,,,,,,,
10.85,9.616534954819053e-09,1.9726697076528717e-08,,,,,,,,,
10.9,9.616534954819053e-09,1.9726697076528717e-08,,,,,,,,,
10.95,9.616534954819053e-09,,,,,,,,,,
11.0,9.616534954819053e-09,,,,,,,,,,
11.049999999999999,9.616534954819053e-09,,,,,,,,,,
11.1,,,,,,,,,,,
11.15,,,,,,,,,,,
11.2,,,,,,,,,,,
11.25,,,,,,,,,,,
11.299999999999999,,,,,,,,,,,
11.35,,,,,,,,,,,
11.4,,,,,,,,,,,
11.45,,,,,,,,,,,
11.5,,,,,,,,,,,
11.549999999999999,,,,,,,,,,,
11.6,,,,,,,,,,,
11.65,,,,,,,,,,,
11.7,,,,,,,,,,,
11.75,,,,,,,,,,,
11.799999999999999,,,,,,,,,,,
11.85,,,,,,,,,,,
11.9,,,,,,,,,,,
11.95,,,,,,,,,,,
12.0,,,,,,,,,,,
12.049999999999999,,,,,,,,,,,
12.1,,,,,,,,,,,
12.15,,,,,,,,,,,
12.2,,,,,,,,,,,
12.25,,,,,,,,,,,
12.299999999999999,,,,,,,,,,,
12.35,,,,,,,,,,,
12.4,,,,,,,,,,,
12.45,,,,,,,,,,,
12.5,,,,,,,,,,,
12.549999999999999,,,,,,,,,,,
12.6,,,,,,,,,,,
12.65,,,,,,,,,,,
12.7,,,,,,,,,,,
12.75,,,,,,,,,,,
12.799999999999999,,,,,,,,,,,
12.85,,,,,,,,,,,
12.9,,,,,,,,,,,
12.95,,,,,,,,,,,
13.0,,,,,,,,,,,
13.049999999999999,,,,,,,,,,,
13.1,,,,,,,,,,,
13.15,,,,,,,,,,,
13.2,,,,,,,,,,,
13.25,,,,,,,,,,,
13.299999999999999,,,,,,,,,,,
13.35,,,,,,,,,,,
13.4,,,,,,,,,,,
13.45,,,,,,,,,,,
13.5,,,,,,,,,,,
13.549999999999999,,,,,,,,,,,
13.6,,,,,,,,,,,
13.65,,,,,,,,,,,
13.7,,,,,,,,,,,
13.75,,,,,,,,,,,
13.799999999999999,,,,,,,,,,,
13.85,,,,,,,,,,,
13.9,,,,,,,,,,,
13.95,,,,,,,,,,,
14.0,,,,,,,,,,,
14.049999999999999,,,,,,,,,,,
14.1,,,,,,,,,,,
14.15,,,,,,,,,,,
14.2,,,,,,,,,,,
14.25,,,,,,,,,,,
14.299999999999999,,,,,,,,,,,
14.35,,,,,,,,,,,
14.4,,,,,,,,,,,
14.45,,,,,,,,,,,
14.5,,,,,,,,,,,
14.549999999999999,,,,,,,,,,,
14.6,,,,,,,,,,,
14.65,,,,,,,,,,,
14.7,,,,,,,,,,,
14.75,,,,,,,,,,,
14.799999999999999,,,,,,,,,,,
14.85,,,,,,,,,,,
14.9,,,,,,,,,,,
14.95,,,,,,,,,,,
15.0,,,,,,,,,,,
15.049999999999999,,,,,,,,,,,
15.1,,,,,,,,,,,
15.149999999999999,,,,,,,,,,,
15.2,,,,,,,,,,,
15.25,,,,,,,,,,,
15.299999999999999,,,,,,,,,,,
15.35,,,,,,,,,,,
15.399999999999999,,,,,,,,,,,
15.45,,,,,,,,,,,
15.5,,,,,,,,,,,
15.549999999999999,,,,,,,,,,,
15.6,,,,,,,,,,,
15.649999999999999,,,,,,,,,,,
15.7,,,,,,,,,,,
15.75,,,,,,,,,,,
15.799999999999999,,,,,,,,,,,
15.85,,,,,,,,,,,
15.899999999999999,,,,,,,,,,,
15.95,,,,,,,,,,,
16.0,,,,,,,,,,,
16.049999999999997,,,,,,,,,,,
16.099999999999998,,,,,,,,,,,
16.15,,,,,,,,,,,
16.2,,,,,,,,,,,
16.25,,,,,,,,,,,
16.3,,,,,,,,,,,
16.349999999999998,,,,,,,,,,,
16.4,,,,,,,,,,,
16.45,,,,,,,,,,,
16.5,,,,,,,,,,,
16.55,,,,,,,,,,,
16.599999999999998,,,,,,,,,,,
16.65,,,,,,,,,,,
16.7,,,,,,,,,,,
16.75,,,,,,,,,,,
16.8,,,,,,,,,,,
16.849999999999998,,,,,,,,,,,
16.9,,,,,,,,,,,
16.95,,,,,,,,,,,
17.0,,,,,,,,,,,
17.05,,,,,,,,,,,
17.099999999999998,,,,,,,,,,,
17.15,,,,,,,,,,,
17.2,,,,,,,,,,,
17.25,,,,,,,,,,,
17.3,,,,,,,,,,,
17.349999999999998,,,,,,,,,,,
17.4,,,,,,,,,,,
17.45,,,,,,,,,,,
17.5,,,,,,,,,,,
17.55,,,,,,,,,,,
17.599999999999998,,,,,,,,,,,
17.65,,,,,,,,,,,
17.7,,,,,,,,,,,
17.75,,,,,,,,,,,
17.8,,,,,,,,,,,
17.849999999999998,,,,,,,,,,,
17.9,,,,,,,,,,,
17.95,,,,,,,,,,,
18.0,,,,,,,,,,,
18.05,,,,,,,,,,,
18.099999999999998,,,,,,,,,,,
18.15,,,,,,,,,,,
18.2,,,,,,,,,,,
18.25,,,,,,,,,,,
18.3,,,,,,,,,,,
18.349999999999998,,,,,,,,,,,
18.4,,,,,,,,,,,
18.45,,,,,,,,,,,
18.5,,,,,,,,,,,
18.55,,,,,,,,,,,
18.599999999999998,,,,,,,,,,,
18.65,,,,,,,,,,,
18.7,,,,,,,,,,,
18.75,,,,,,,,,,,
18.8,,,,,,,,,,,
18.849999999999998,,,,,,,,,,,
18.9,,,,,,,,,,,
18.95,,,,,,,,,,,
19.0,,,,,,,,,,,
19.05,,,,,,,,,,,
19.099999999999998,,,,,,,,,,,
19.15,,,,,,,,,,,
19.2,,,,,,,,,,,
19.25,,,,,,,,,,,
19.3,,,,,,,,,,,
19.349999999999998,,,,,,,,,,,
19.4,,,,,,,,,,,
19.45,,,,,,,,,,,
19.5,,,,,,,,,,,
19.55,,,,,,,,,,,
19.599999999999998,,,,,,,,,,,
19.65,,,,,,,,,,,
19.7,,,,,,,,,,,
19.75,,,,,,,,,,,
19.8,,,,,,,,,,,
19.849999999999998,,,,,,,,,,,
19.9,,,,,,,,,,,
19.95,,,,,,,,,,,
20.0,,,,,,,,,,,
20.05,,,,,,,,,,,
20.099999999999998,,,,,,,,,,,
20.15,,,,,,,,,,,
20.2,,,,,,,,,,,
20.25,,,,,,,,,,,
20.3,,,,,,,,,,,
20.349999999999998,,,,,,,,,,,
20.4,,,,,,,,,,,
20.45,,,,,,,,,,,
20.5,,,,,,,,,,,
20.55,,,,,,,,,,,
20.599999999999998,,,,,,,,,,,
20.65,,,,,,,,,,,
20.7,,,,,,,,,,,
20.75,,,,,,,,,,,
20.8,,,,,,,,,,,
20.849999999999998,,,,,,,,,,,
20.9,,,,,,,,,,,
20.95,,,,,,,,,,,
21.0,,,,,,,,,,,
21.05,,,,,,,,,,,
21.099999999999998,,,,,,,,,,,
21.15,,,,,,,,,,,
21.2,,,,,,,,,,,
21.25,,,,,,,,,,,
21.3,,,,,,,,,,,
21.349999999999998,,,,,,,,,,,
21.4,,,,,,,,,,,
21.45,,,,,,,,,,,
21.5,,,,,,,,,,,
21.549999999999997,,,,,,,,,,,
21.599999999999998,,,,,,,,,,,
21.65,,,,,,,,,,,
21.7,,,,,,,,,,,
21.75,,,,,,,,,,,
21.799999999999997,,,,,,,,,,,
21.849999999999998,,,,,,,,,,,
21.9,,,,,,,,,,,
21.95,,,,,,,,,,,
22.0,,,,,,,,,,,
22.049999999999997,,,,,,,,,,,
22.099999999999998,,,,,,,,,,,
22.15,,,,,,,,,,,
22.2,,,,,,,,,,,
22.25,,,,,,,,,,,
22.299999999999997,,,,,,,,,,,
22.349999999999998,,,,,,,,,,,
22.4,,,,,,,,,,,
22.45,,,,,,,,,,,
22.5,,,,,,,,,,,
22.549999999999997,,,,,,,,,,,
22.599999999999998,,,,,,,,,,,
22.65,,,,,,,,,,,
22.7,,,,,,,,,,,
22.75,,,,,,,,,,,
22.799999999999997,,,,,,,,,,,
22.849999999999998,,,,,,,,,,,
22.9,,,,,,,,,,,
22.95,,,,,,,,,,,
23.0,,,,,,,,,,,
23.049999999999997,,,,,,,,,,,
23.099999999999998,,,,,,,,,,,
23.15,,,,,,,,,,,
23.2,,,,,,,,,,,
23.25,,,,,,,,,,,
23.299999999999997,,,,,,,,,,,
23.349999999999998,,,,,,,,,,,
23.4,,,,,,,,,,,
23.45,,,,,,,,,,,
23.5,,,,,,,,,,,
23.549999999999997,,,,,,,,,,,
23.599999999999998,,,,,,,,,,,
23.65,,,,,,,,,,,
23.7,,,,,,,,,,,
23.75,,,,,,,,,,,
23.799999999999997,,,,,,,,,,,
23.849999999999998,,,,,,,,,,,
23.9,,,,,,,,,,,
23.95,,,,,,,,,,,
24.0,,,,,,,,,,,
24.049999999999997,,,,,,,,,,,
24.099999999999998,,,,,,,,,,,
24.15,,,,,,,,,,,
24.2,,,,,,,,,,,
24.25,,,,,,,,,,,
24.299999999999997,,,,,,,,,,,
24.349999999999998,,,,,,,,,,,
24.4,,,,,,,,,,,
24.45,,,,,,,,,,,
24.5,,,,,,,,,,,
24.549999999999997,,,,,,,,,,,
24.599999999999998,,,,,,,,,,,
24.65,,,,,,,,,,,
24.7,,,,,,,,,,,
24.75,,,,,,,,,,,
24.799999999999997,,,,,,,,,,,
24.849999999999998,,,,,,,,,,,
24.9,,,,,,,,,,,
24.95,,,,,,,,,,,
25.0,,,,,,,,,,,
