Dmax_mm,0.01,0.02,0.03,0.04,0.06,0.1,0.16,0.25,0.4,0.63,1.0
0.05,,,,,,,,,,,
0.1,1.0058234745845854e-18,6.407670161446588e-19,7.574237837791107e-19,9.265518254126044e-19,1.2610647386052026e-18,2.4368049488969214e-18,6.044128619863089e-18,1.4036475351122158e-17,4.7413178387966756e-17,1.683511634913506e-16,6.10420409814954e-16
0.15,7.326655612753224e-18,5.348671416348484e-18,6.68207820319947e-18,8.453872825362948e-18,1.195539952944498e-17,2.367773459136342e-17,5.891650027853689e-17,1.4068936063917203e-16,5.525362164447309e-16,1.7566709287023998e-15,6.292944591862056e-15
0.2,3.001830245327874e-17,2.4145972750931612e-17,3.1511156163779014e-17,4.0976256570342995e-17,5.986803430934374e-17,1.2145311934381163e-16,3.044631469395181e-16,7.93764441517698e-16,2.9038423270852854e-15,9.451469203813853e-15,3.3022519303931214e-14
0.25,8.96652982466696e-17,7.777624669926643e-17,1.0516104437672105e-16,1.3987572851324154e-16,2.1002378906532976e-16,4.352133596253375e-16,1.1490800914420238e-15,2.9191467449173446e-15,1.1112502896642618e-14,3.627151228687553e-14,1.1961205891838826e-13
0.3,2.192857882798292e-16,2.0231335969667052e-16,2.8179095200661717e-16,3.8203868742480117e-16,5.87151386710649e-16,1.2395618416855822e-15,3.361717069384639e-15,8.515035663180812e-15,3.233505865842672e-14,1.075448845161964e-13,3.425711466111382e-13
0.35,4.671276012019957e-16,4.540496282466874e-16,6.487590327788657e-16,8.941762976585225e-16,1.4023407616130207e-15,3.047089769966541e-15,8.269091436017034e-15,2.1378571299133548e-14,8.140676727586698e-14,2.8407520748708404e-13,1.0603100800603497e-12
0.39999999999999997,8.99409255961771e-16,9.1462887330095e-16,1.3363699065814938e-15,1.8687782775500283e-15,2.983615874118038e-15,6.650919205264116e-15,1.7981992738697414e-14,4.6864409823653114e-14,2.2687287187556504e-13,7.758748427169964e-13,2.1370816666876198e-12
0.44999999999999996,1.6030128369747171e-15,1.6963880757812124e-15,2.5283256685604064e-15,3.581554918418328e-15,5.810182164347554e-15,1.4776629345548537e-14,4.5638468608576117e-14,1.2450196482349864e-13,4.5278645095492145e-13,1.2676744779469086e-12,4.350586925663716e-12
0.49999999999999994,3.0361017201548915e-15,3.512889439303807e-15,5.48570694042977e-15,8.033670619207111e-15,1.3639500723927102e-14,3.1578774982957256e-14,8.478503311017218e-14,2.062786854849934e-13,6.78700030034278e-13,3.0933998803245734e-12,8.871985828598351e-12
0.5499999999999999,5.140415327036901e-15,5.936187812859884e-15,9.153020283497481e-15,1.3216500947473026e-14,2.1845089382505063e-14,4.8380920620365974e-14,1.2393159761176824e-13,3.613239811656053e-13,1.6442673645185084e-12,5.272724217666803e-12,1.3393384731532985e-11
0.6,7.244728933918911e-15,8.359486186415963e-15,1.2820333626565196e-14,1.8399331275738945e-14,3.005067804108303e-14,8.173818643999637e-14,2.5913656631764545e-13,7.194282575398439e-13,2.638984661999898e-12,7.452048555009035e-12,1.9733513145595683e-11
0.65,1.0538353112163975e-14,1.3541915935286045e-14,2.249969414325667e-14,3.443137485492293e-14,6.206360718002581e-14,1.5290139403070501e-13,4.2828726662731094e-13,1.0775325339140824e-12,3.6337019594812872e-12,1.1775275869581294e-11,3.3200723810922594e-11
0.7,1.73143229740946e-14,2.217791921710506e-14,3.6288231848000475e-14,5.461992125626109e-14,9.548575389217135e-14,2.2406460162141348e-13,5.974379669369761e-13,1.43563681028832e-12,5.337292817943255e-12,1.852397056504932e-11,4.666793447624947e-11
0.75,2.4090292836025238e-14,3.081392249892409e-14,5.0076769552744304e-14,7.48084676575993e-14,1.2890790060431698e-13,2.952278092121221e-13,7.665886672466415e-13,2.085898884259692e-12,8.404319444093448e-12,2.5272665260517362e-11,7.381220241429662e-11
0.7999999999999999,3.0866262697955865e-14,3.94499257807431e-14,6.386530725748811e-14,9.499701405893746e-14,1.6233004731646252e-13,3.7873602013859384e-13,1.169920873841107e-12,3.185899233457044e-12,1.1471346070243635e-11,4.0271723325790306e-11,1.0348510685606248e-10
0.85,3.76422325598865e-14,4.808592906256213e-14,8.055311608383999e-14,1.260669649614582e-13,2.3394955339050253e-13,5.921906684970347e-13,1.6846013432185365e-12,4.2858995826543985e-12,1.690236884335565e-11,5.558752421888686e-11,1.4707130605452344e-10
0.9,5.092136701145271e-14,6.975457102980646e-14,1.1850648655064123e-13,1.830788814802334e-13,3.314233453857943e-13,8.056453168554757e-13,2.199281812595966e-12,6.039040905340217e-12,2.3841731258787538e-11,7.803115851219592e-11,2.0545348409648138e-10
0.95,6.757835446322082e-14,9.261788496607666e-14,1.564598570174424e-13,2.400907979990085e-13,4.288971373810859e-13,1.0190999652139161e-12,3.1055579101276185e-12,8.521178827726534e-12,3.0781093674219414e-11,1.0894854264294266e-10,2.697338737694009e-10
1.0,8.423534191498897e-14,1.154811989023469e-13,1.9441322748424362e-13,2.971027145177837e-13,5.623782054091958e-13,1.4673595432764315e-12,4.258748895002767e-12,1.1003316750112853e-11,4.3903867405877436e-11,1.3986592677368947e-10,3.7519319486959264e-10
1.0499999999999998,1.0376908173374683e-13,1.4997068816374235e-13,2.628115827453273e-13,4.149888739944827e-13,7.739351751780763e-13,1.9405224714408576e-12,5.41193987987791e-12,1.486685986464378e-11,5.787865082881588e-11,1.9570525379745896e-10,4.806525159697839e-10
1.0999999999999999,1.3558468613533457e-13,1.9612195518018288e-13,3.4168702145197954e-13,5.357699482661649e-13,9.854921449469581e-13,2.4136853996052856e-12,7.196439122873229e-12,1.9854637585255017e-11,7.359180809136813e-11,2.528368349708193e-10,6.418131265147188e-10
1.15,1.674002905369223e-13,2.422732221966234e-13,4.205624601586318e-13,6.565510225378471e-13,1.2040150902165982e-12,3.2211186315821297e-12,9.49987934178588e-12,2.4842415305866258e-11,9.936729751800443e-11,3.283682965838496e-10,8.199943535679207e-10
1.2,1.9921589493851004e-13,2.915676665303307e-13,5.247593365783368e-13,8.443125448409353e-13,1.6152073221838612e-12,4.157605058842145e-12,1.180331956069853e-11,3.247376088901978e-11,1.251427869446407e-10,4.2689051987223834e-10,1.0417305875113748e-09
1.25,2.480465613583056e-13,3.758450698048173e-13,6.724485421690765e-13,1.0742349565119343e-12,2.0263995541511244e-12,5.094091486102161e-12,1.503471784488111e-11,4.165715787683856e-11,1.5865496039358575e-10,5.254127431606271e-10,1.3270291430529198e-09
1.3,3.034481331084731e-13,4.601224730793039e-13,8.201377477598161e-13,1.3041573681829332e-12,2.437591786118387e-12,6.442877096985121e-12,1.925386729240084e-11,5.0840554864657335e-11,2.0304055573647762e-10,6.822994667145731e-10,1.6195020167720145e-09
1.3499999999999999,3.5884970485864037e-13,5.443998763537901e-13,9.67826953350555e-13,1.5815101249024172e-12,3.0933004242449356e-12,8.144561518088799e-12,2.3473016739920558e-11,6.47079530439512e-11,2.474261510793693e-10,8.430187717535614e-10,2.0565695531658186e-09
1.4,4.230013009045358e-13,6.67571587048979e-13,1.222598256465539e-12,1.9852947064566437e-12,3.828714445581113e-12,9.846245939192481e-12,2.895333866106548e-11,8.049935075686307e-11,3.10929284749827e-10,1.0425354155422024e-09,2.493637089559625e-09
1.45,5.129830823008012e-13,8.102797799620995e-13,1.4782367909464772e-12,2.3890792880108702e-12,4.564128466917291e-12,1.1972046062917694e-11,3.61756854630395e-11,9.629074846977494e-11,3.8325882891385647e-10,1.293018067955301e-09,3.073921381780156e-09
1.5,6.029648636970665e-13,9.529879728752198e-13,1.7338753254274153e-12,2.7928638695650963e-12,5.534901835143844e-12,1.4864513334906937e-11,4.339803226501352e-11,1.1988934631976314e-10,4.55588373077886e-10,1.5435007203683996e-09,3.7191732822801633e-09
1.5499999999999998,6.929466450933315e-13,1.1168762325992736e-12,2.088387208458864e-12,3.440871013360305e-12,6.767447643353655e-12,1.7756980606896166e-11,5.2215438315362555e-11,1.4559341993774863e-10,5.663197196316096e-10,1.909985738538137e-09,4.455930436703818e-09
1.5999999999999999,8.209311215756749e-13,1.3446950419741425e-12,2.504544301826105e-12,4.106723733910994e-12,7.999993451563471e-12,2.0956143174519617e-11,6.39246849013693e-11,1.7129749355573422e-10,6.789638891566553e-10,2.2857333417204953e-09,5.379657997644388e-09
1.65,9.593446443516078e-13,1.5725138513490111e-12,2.9207013951933462e-12,4.772576454461682e-12,9.372869658836586e-12,2.5616131860053236e-11,7.563393148737606e-11,2.0938313168250063e-10,8.040395905956245e-10,2.7328226674307888e-09,6.303385558584958e-09
1.7,1.0977581671275405e-12,1.8003326607238798e-12,3.3917504270900792e-12,5.661861487439637e-12,1.1333628985864838e-11,3.027612054558685e-11,8.92192508263139e-11,2.49378725717348e-10,9.729435626053458e-10,3.2784743725210984e-09,7.577950563345504e-09
1.75,1.256861044831915e-12,2.127222966359826e-12,4.036664069761102e-12,6.705768839440241e-12,1.329438831289309e-11,3.4936109231120474e-11,1.0737455785011421e-10,2.893743197521954e-10,1.141847534615067e-09,3.824126077611408e-09,8.863644442830893e-09
1.7999999999999998,1.4606862470901391e-12,2.474109601153987e-12,4.681577712432122e-12,7.749676191440842e-12,1.5255147639921334e-11,4.209759545133558e-11,1.2552986487391443e-10,3.4821203676625503e-10,1.348108483459815e-09,4.575762372792017e-09,1.0431557807461571e-08
1.8499999999999999,1.6645114493483644e-12,2.8209962359481494e-12,5.3264913551031444e-12,8.925196220053946e-12,1.8153202875228775e-11,4.928213364661326e-11,1.457163605158817e-10,4.081439134608189e-10,1.5933477119472986e-09,5.346846235701232e-09,1.217997073969626e-08
1.9,1.8683366516065893e-12,3.2348193065291993e-12,6.243480852423471e-12,1.0495331383758933e-11,2.1141726531695728e-11,5.6466671841890944e-11,1.7283578594543118e-10,4.68721574163045e-10,1.8385869404347822e-09,6.236625645344695e-09,1.4073805288127566e-08
1.95,2.1448889722768507e-12,3.742895522867783e-12,7.203313988830709e-12,1.2065466547463918e-11,2.413025018816268e-11,6.647382908481536e-11,1.9995521137498068e-10,5.556998088099297e-10,2.1604447653236618e-09,7.29893685036443e-09,1.640256652403371e-08
1.9999999999999998,2.4344849771295963e-12,4.250971739206364e-12,8.163147125237943e-12,1.3635601711168898e-11,2.8006571452549605e-11,7.715075423021196e-11,2.2904104270160447e-10,6.42678043456814e-10,2.506791379937498e-09,8.361248055384162e-09,1.8731327759939844e-08
2.05,2.7240809819823434e-12,4.759047955544948e-12,9.328534670912968e-12,1.5852235411383866e-11,3.24015160257084e-11,8.782767937560861e-11,2.682882760169413e-10,7.333333878364946e-10,2.8565852134558397e-09,9.757829677583974e-09,2.1698473937832287e-08
2.0999999999999996,3.055328604584543e-12,5.4791395539000194e-12,1.0709629482052999e-11,1.8133428610219362e-11,3.6796460598867173e-11,1.0144643382937493e-10,3.075355093322779e-10,8.561380854935352e-10,3.334464248673067e-09,1.1190972283584839e-08,2.474352567949407e-08
2.1499999999999995,3.4546630989314247e-12,6.199555775898252e-12,1.2090724293193029e-11,2.0414621809054858e-11,4.184864108114464e-11,1.1682597971377853e-10,3.4834833670733653e-10,9.789427831505758e-10,3.8123432838902935e-09,1.2807487808446652e-08,2.825210071710193e-08
2.1999999999999997,3.85399759327831e-12,6.91997199789649e-12,1.3533390495037015e-11,2.322833822342083e-11,4.8118635376280484e-11,1.3220552559818225e-10,4.036217952076716e-10,1.1101795550197049e-09,4.3393823808726026e-09,1.4704576626980518e-08,3.216860310777851e-08
2.2499999999999996,4.2533320876251914e-12,7.799391198622789e-12,1.5464498710007153e-11,2.6446565893351182e-11,5.438862967141628e-11,1.5032569973426237e-10,4.588952537080061e-10,1.2794684800723828e-09,4.9841194942527534e-09,1.6601665445514367e-08,3.6265695553627266e-08
2.3,4.7779739850014064e-12,8.793160054178877e-12,1.7395606924977313e-11,2.966479356328156e-11,6.08292279381775e-11,1.7189282656836102e-10,5.148584120722152e-10,1.4487574051250623e-09,5.62885660763291e-09,1.9007242424271098e-08,4.122873564527957e-08
2.3499999999999996,5.314830165295429e-12,9.786928909734957e-12,1.9326715139947453e-11,3.315787066328629e-11,6.954385964294866e-11,1.9345995340245944e-10,5.90881738641449e-10,1.6334547899870158e-09,6.391478727944779e-09,2.147625483569247e-08,4.619177573693184e-08
2.3999999999999995,5.851686345589452e-12,1.0837586266054901e-11,2.1775454696519264e-11,3.758471911445069e-11,7.825849134771982e-11,2.1710408338916562e-10,6.669050652106829e-10,1.86197143477516e-09,7.245589720951602e-09,2.4211667107084147e-08,5.2164869655279914e-08
2.4499999999999997,6.463512386937376e-12,1.21763784073996e-11,2.4409922706389886e-11,4.2011567565615135e-11,8.697312305249106e-11,2.4665122078639123e-10,7.429283917799173e-10,2.090488079563306e-09,8.099700713958433e-09,2.7376382044737652e-08,5.8369951423308335e-08
2.4999999999999996,7.1696724897782686e-12,1.3515170548744286e-11,2.7044390716260483e-11,4.643841601677954e-11,9.815449187568191e-11,2.7619835818361655e-10,8.445176980372991e-10,2.344300747721515e-09,9.168804439680039e-09,3.054109698239113e-08,6.523688922548771e-08
2.55,7.875832592619167e-12,1.4853962690088986e-11,2.9996834236525466e-11,5.222180953156126e-11,1.0999530517713826e-10,3.0653052114465167e-10,9.469306779001448e-10,2.6474554279442097e-09,1.028149116846142e-08,3.443887678666212e-08,7.290018400054594e-08
2.5999999999999996,8.581992695460059e-12,1.651301422263103e-11,3.3514722562378586e-11,5.817886979049774e-11,1.218361184785945e-10,3.461903893571452e-10,1.0493436577629895e-09,2.950610108166902e-09,1.1425654987433102e-08,3.843969829193912e-08,8.072373271429105e-08
2.6499999999999995,9.488151512950999e-12,1.8279909686933558e-11,3.70326108882317e-11,6.413593004943421e-11,1.356749568388452e-10,3.858502575696387e-10,1.1818068860356903e-09,3.292027804823008e-09,1.2853542449326557e-08,4.2808829393130277e-08,9.008207197651655e-08
2.6999999999999997,1.039955601590767e-11,2.0046805151236102e-11,4.055049921408485e-11,7.113297005817635e-11,1.5144635225897538e-10,4.255101257821325e-10,1.3174488941965433e-09,3.68679186492287e-09,1.4281429911220025e-08,4.7803475758685376e-08,9.944041123874213e-08
2.7499999999999996,1.1310960518864332e-11,2.198706503245685e-11,4.514306738729965e-11,7.899612161532052e-11,1.6721774767910542e-10,4.764631130559979e-10,1.4530909023573953e-09,4.0815559250227285e-09,1.5849157630935853e-08,5.279812212424043e-08,1.1023405625744338e-07
2.7999999999999994,1.234659394322019e-11,2.4277253773233592e-11,4.9753184819026007e-11,8.68592731724647e-11,1.8409721410035776e-10,5.287412850437315e-10,1.6229024068401461e-09,4.531963911462799e-09,1.7656759451717658e-08,5.880363503346528e-08,1.215446515644184e-07
2.8499999999999996,1.3503475601491176e-11,2.6567442514010357e-11,5.4363302250752403e-11,9.52015240278591e-11,2.0473714272385735e-10,5.810194570314656e-10,1.7992278834016348e-09,5.038814888798223e-09,1.946436127249948e-08,6.496767558471194e-08,1.3369315542810793e-07
2.8999999999999995,1.4660357259762152e-11,2.88576312547871e-11,5.97830077150574e-11,1.0540506632524655e-10,2.2537707134735676e-10,6.444530550563639e-10,1.9755533599631217e-09,5.5456658661336415e-09,2.1560089675319948e-08,7.162010903382642e-08,1.4723303329632e-07
2.9499999999999997,1.5828176269093875e-11,3.172508665323303e-11,6.572484121545217e-11,1.1560860862263409e-10,2.460169999708564e-10,7.12391682360029e-10,2.1904500495975212e-09,6.1302832664210425e-09,2.3820228768596532e-08,7.914733184821278e-08,1.6081464293289736e-07
2.9999999999999996,1.727516824373185e-11,3.4646512248242357e-11,7.166667471584689e-11,1.2581215092002152e-10,2.722911941626421e-10,7.803303096636935e-10,2.4165168651497816e-09,6.772334280994383e-09,2.60803678618731e-08,8.667455466259906e-08,1.76879785732594e-07
3.0499999999999994,1.8722160218369827e-11,3.756793784325168e-11,7.798044245153384e-11,1.3846636385660414e-10,2.9888153976912933e-10,8.582300938091283e-10,2.6425836807020423e-09,7.4143852955677246e-09,2.8823867344316204e-08,9.55441714563212e-08,1.929449285322906e-07
3.0999999999999996,2.0169152193007815e-11,4.086389544286066e-11,8.552596472909078e-11,1.5150695556663295e-10,3.2547188537561676e-10,9.449746187810799e-10,2.911267947588676e-09,8.161960570370395e-09,3.161804420226079e-08,1.0464676677533842e-07,2.108758537094524e-07
3.1499999999999995,2.180927543530156e-11,4.4537836364678903e-11,9.307148700664767e-11,1.6454754727666165e-10,3.5690905964380425e-10,1.0317191437530309e-09,3.1972761833054285e-09,8.965374757538561e-09,3.4520588017274605e-08,1.14374130837186e-07,2.297800410313163e-07
3.1999999999999997,2.359549286674524e-11,4.821177728649717e-11,1.0061700928420461e-10,1.7939188953144293e-10,3.907754013688809e-10,1.1263451259482898e-09,3.483284419022184e-09,9.768788944706737e-09,3.793928941315173e-08,1.252826765750138e-07,2.4963134261718224e-07
3.2499999999999996,2.5381710298188906e-11,5.195889608494586e-11,1.0982379620862522e-10,1.9588192747444992e-10,4.2464174309395725e-10,1.235800537931603e-09,3.815511159196246e-09,1.0711957298412194e-08,4.1357990809028824e-08,1.3619122231284155e-07,2.7171539028067464e-07
3.2999999999999994,2.7207592425558018e-11,5.653724181134346e-11,1.19310229634675e-10,2.1237196541745694e-10,4.6179752153876337e-10,1.3452559499149161e-09,4.173005945791476e-09,1.170610622372515e-08,4.5096757714070727e-08,1.4882527383515743e-07,2.937994379441671e-07
3.3499999999999996,2.938668691057583e-11,6.111558753774109e-11,1.2879666306072486e-10,2.2959070800636942e-10,5.041987648410975e-10,1.459153686509166e-09,4.530500732386708e-09,1.2700255149038114e-08,4.923969898852635e-08,1.61788511415726e-07,3.191738635862826e-07
3.3999999999999995,3.1565781395593623e-11,6.56939332641387e-11,1.393550368493783e-10,2.500843819434049e-10,5.466000081434314e-10,1.5956328331607235e-09,4.937152237815276e-09,1.3875733017195702e-08,5.3382640262981946e-08,1.7552614631310465e-07,3.447638752197611e-07
3.4499999999999997,3.3744875880611434e-11,7.095443065562579e-11,1.5107507128295053e-10,2.705780558804406e-10,5.900659108056564e-10,1.7321119798122824e-09,5.3790966226545735e-09,1.5093338042940554e-08,5.811755144952812e-08,1.90810537057741e-07,3.7259621108491135e-07
3.4999999999999996,3.621765421090577e-11,7.655992963814864e-11,1.6279510571652265e-10,2.9107172981747604e-10,6.426377110022647e-10,1.8685911264638396e-09,5.821041007493866e-09,1.6310943068685397e-08,6.309384601186045e-08,2.0609492780237726e-07,4.020578406607026e-07
3.5499999999999994,3.88610056440691e-11,8.216542862067149e-11,1.7478892949911002e-10,3.155558369547073e-10,6.95209511198873e-10,2.0363466531006506e-09,6.314177684608907e-09,1.775969678855349e-08,6.807014057419277e-08,2.2353458428835818e-07,4.3245135041122424e-07
3.5999999999999996,4.150435707723245e-11,8.806855120893607e-11,1.8914379430317634e-10,3.4079375037442043e-10,7.477813113954817e-10,2.2046839817695224e-09,6.855019001514551e-09,1.923695108362047e-08,7.397817195965361e-08,2.414236387109769e-07,4.6615205845020937e-07
3.6499999999999995,4.423072089820118e-11,9.487742255438426e-11,2.0349865910724252e-10,3.660316637941333e-10,8.101795318512456e-10,2.3730213104383925e-09,7.3958603184201896e-09,2.0714205378687432e-08,7.990642215904646e-08,2.602491073610798e-07,4.998527664891942e-07
3.6999999999999997,4.737957204920051e-11,1.0168629389983253e-10,2.1785352391130884e-10,3.940340125767976e-10,8.746773079780697e-10,2.571115495661788e-09,7.988766584122221e-09,2.2481590749220267e-08,8.610163428943833e-08,2.8105259699298624e-07,5.375238744986083e-07
3.7499999999999996,5.0528423200199816e-11,1.0849516524528073e-10,2.3443064989270127e-10,4.2479845584563363e-10,9.391750841048934e-10,2.776691278546209e-09,8.64449540128898e-09,2.4258259742849673e-08,9.31099383957177e-08,3.0185608662489254e-07,5.758386877061843e-07
3.7999999999999994,5.3677274351199115e-11,1.164526127948626e-10,2.5183845977779054e-10,4.555628991144697e-10,1.0112072075399885e-09,2.982267061430631e-09,9.300224218455739e-09,2.6051300155066294e-08,1.0011824250199707e-07,3.2527731328947574e-07,6.16656170745657e-07
3.8499999999999996,5.723150273966397e-11,1.2464442689443081e-10,2.6924626966287996e-10,4.873448820788152e-10,1.0895747342976687e-09,3.21446462548182e-09,1.0007449021192689e-08,2.81707983625223e-08,1.0775430994244713e-07,3.492921980383265e-07,6.599648089071082e-07
3.8999999999999995,6.096291974766873e-11,1.3283624099399898e-10,2.878893977644941e-10,5.244964000473186e-10,1.1679422610553484e-09,3.463226655285418e-09,1.0795649780310865e-08,3.029029656997828e-08,1.1598018061707993e-07,3.744032612775449e-07,7.040357148927434e-07
3.9499999999999993,6.469433675567349e-11,1.416808273718883e-10,3.0880760032422435e-10,5.616479180158221e-10,1.2505118609296088e-09,3.7119886850890158e-09,1.1583850539429043e-08,3.2459128017219704e-08,1.2420605129171274e-07,4.019659002816416e-07,7.527194799048072e-07
3.9999999999999996,6.857467300486292e-11,1.514503903669097e-10,3.297258028839547e-10,5.987994359843258e-10,1.3448877705521434e-09,3.982319085929173e-09,1.242124197575305e-08,3.496857031072698e-08,1.3350155183297113e-07,4.295285392857385e-07,8.014032449168713e-07
4.05,7.296074521396717e-11,1.6121995336193107e-10,3.506440054436852e-10,6.419482418487166e-10,1.439263680174678e-09,4.280801549277152e-09,1.336113447964569e-08,3.747801260423425e-08,1.4309174216404393e-07,4.602126308809557e-07,8.545899067374443e-07
4.1,7.734681742307136e-11,1.7098951635695237e-10,3.7547355345519064e-10,6.864277090863178e-10,1.5336395897972116e-09,4.579284012625128e-09,1.4301026983538322e-08,4.007793597261938e-08,1.527616074977191e-07,4.916633987371457e-07,9.090283566811699e-07
4.1499999999999995,8.173288963217557e-11,1.8254152461420448e-10,4.003996971273073e-10,7.30907176323919e-10,1.6460282863622571e-09,4.892045751864947e-09,1.5285760506447886e-08,4.302816153312019e-08,1.6387184141235928e-07,5.24371591018212e-07,9.660602004201972e-07
4.199999999999999,8.667400582325969e-11,1.9409899956144538e-10,4.253258407994239e-10,7.793742636828839e-10,1.7587515927622694e-09,5.2473850021230145e-09,1.6398231463051984e-08,4.597838709362101e-08,1.7498207532699948e-07,5.600610471084016e-07,1.026627634722948e-06
4.249999999999999,9.17912583739256e-11,2.0565647450868626e-10,4.529791874156071e-10,8.32204533607699e-10,1.8714748991622818e-09,5.602724252381082e-09,1.7510702419656083e-08,4.906930614799466e-08,1.8663502894418506e-07,5.957505031985911e-07,1.0876093891389037e-06
4.3,9.690851092459161e-11,2.1838205652682644e-10,4.824514670155026e-10,8.850348035325152e-10,1.9988436686324344e-09,5.962488894252269e-09,1.8661302163942596e-08,5.251487351144092e-08,1.994368735880654e-07,6.350741439510205e-07,1.154671173800071e-06
4.35,1.0226185038069704e-10,2.319529941853515e-10,5.119237466153976e-10,9.391570084308626e-10,2.132458234226357e-09,6.382435861622303e-09,1.9968926051037978e-08,5.5960440874887124e-08,2.1223871823194553e-07,6.753609697623354e-07,1.2217329584612374e-06
4.3999999999999995,1.0819113407910419e-10,2.4552393184387655e-10,5.425435300001638e-10,1.0014441103964769e-09,2.2660727998202796e-09,6.802382828992339e-09,2.127654993813336e-08,5.960684475232102e-08,2.261314236974738e-07,7.170586125881574e-07,1.2936181531062913e-06
4.449999999999999,1.1412041777751133e-10,2.5946312547390704e-10,5.7714109957166e-10,1.0637312123620914e-09,2.409624730635863e-09,7.222329796362373e-09,2.2612902719753463e-08,6.360599655719494e-08,2.407845571081709e-07,7.623073357114991e-07,1.36752691763947e-06
4.499999999999999,1.2004970147591846e-10,2.752884023584148e-10,6.117386691431561e-10,1.1260183143277057e-09,2.566882601815195e-09,7.706927750214013e-09,2.4139951297164338e-08,6.760514836206886e-08,2.5543769051886803e-07,8.075560588348408e-07,1.4465359569714899e-06
4.55,1.2671670440499733e-10,2.9111367924292284e-10,6.46336238714653e-10,1.1967771962906901e-09,2.7241404729945298e-09,8.199856744987418e-09,2.566699987457524e-08,7.187605131096955e-08,2.7183801600562433e-07,8.569522577274404e-07,1.5352230265924936e-06
4.6,1.3354305763564083e-10,3.0693895612743055e-10,6.858053172900504e-10,1.2697110570895136e-09,2.8851118055645593e-09,8.692785739760812e-09,2.7210361455635446e-08,7.64906475603085e-08,2.8852831610047604e-07,9.075307745954059e-07,1.623910096213496e-06
4.6499999999999995,1.403694108662843e-10,3.246383865308722e-10,7.261483612387422e-10,1.3426449178883372e-09,3.068975348782026e-09,9.243366348996609e-09,2.8982801319358706e-08,8.110524380964746e-08,3.0549901653299565e-07,9.596592900063714e-07,1.7125971658344982e-06
4.699999999999999,1.4754484927264624e-10,3.4297404834104777e-10,7.664914051874341e-10,1.4210005409572058e-09,3.2528388919994923e-09,9.818280033543728e-09,3.0755241183081963e-08,8.607408054082457e-08,3.2441344937469423e-07,1.0159362018740766e-06,1.8012842354555005e-06
4.749999999999999,1.5535733227509153e-10,3.6130971015122337e-10,8.098575668211599e-10,1.505855209721165e-09,3.436702435216959e-09,1.0393193718090848e-08,3.2528234431203814e-08,9.136949941088507e-08,3.433278822163928e-07,1.0722131137417818e-06,1.8899713050765028e-06
4.8,1.6316981527753695e-10,3.8056256612599447e-10,8.566071215591319e-10,1.5907098784851257e-09,3.646141710992065e-09,1.1015798581085643e-08,3.457371207667636e-08,9.666491828094567e-08,3.6319587861742524e-07,1.1381464036420275e-06,1.978658374697507e-06
4.85,1.7098229827998222e-10,4.0167957513398343e-10,9.033566762971031e-10,1.6770771962547411e-09,3.859784487849042e-09,1.168232890745213e-08,3.661918972214887e-08,1.024093936430284e-07,3.84527544091427e-07,1.2070321182925845e-06,2.073782485983079e-06
4.8999999999999995,1.7975038702591585e-10,4.2279658414197234e-10,9.507877276145267e-10,1.7752105543695364e-09,4.07342726470602e-09,1.234885923381862e-08,3.866466736762137e-08,1.0845439910045336e-07,4.058592095654287e-07,1.2759178329431416e-06,2.1865691060905524e-06
4.949999999999999,1.8864188897348486e-10,4.4391359314996125e-10,1.0046452472474837e-09,1.873343912484332e-09,4.30624238884523e-09,1.3049813315226507e-08,4.0993608271724196e-08,1.1449940455787833e-07,4.289247558421826e-07,1.3448035475936986e-06,2.2993557261980262e-06
4.999999999999999,1.9753339092105387e-10,4.678305747491529e-10,1.0585027668804407e-09,1.971477270599127e-09,4.5530487153716455e-09,1.3818218247987666e-08,4.3341422210819956e-08,1.211050756888125e-07,4.5287202257300533e-07,1.4136892622442556e-06,2.4121423463054996e-06
5.05,2.069153823253185e-10,4.920144602061462e-10,1.1123602865133987e-09,2.0809891023701644e-09,4.799855041898066e-09,1.4586623180748838e-08,4.568923614991576e-08,1.2797722665828347e-07,4.768192893038285e-07,1.482574976894814e-06,2.524928966412975e-06
5.1,2.1698240175935485e-10,5.16198345663139e-10,1.1718681962562737e-09,2.1938420427587432e-09,5.057592314536682e-09,1.537253325000828e-08,4.832801525983744e-08,1.3484937762775434e-07,5.033912568992947e-07,1.551460691545371e-06,2.6377155865204486e-06
5.1499999999999995,2.2704942119339118e-10,5.420526271534933e-10,1.2335748571802336e-09,2.306694983147322e-09,5.341155457016318e-09,1.6253689118186515e-08,5.100907481774097e-08,1.423965355623176e-07,5.301568025184875e-07,1.6256251828094018e-06,2.750502206627922e-06
5.199999999999999,2.371164406274275e-10,5.696030382599537e-10,1.2952815181041937e-09,2.426566414428686e-09,5.624718599495955e-09,1.713484498636475e-08,5.36901343756445e-08,1.5016085457055606e-07,5.581858508281993e-07,1.7158515164246414e-06,2.8665094269916533e-06
5.249999999999999,2.483936469884932e-10,5.97153449366414e-10,1.359955455958933e-09,2.5556614773919035e-09,5.908957242094235e-09,1.8016000854542987e-08,5.666693505697159e-08,1.5792517357879453e-07,5.912775366962658e-07,1.8060778500398807e-06,2.996328579199333e-06
5.3,2.597360462762161e-10,6.249959736091355e-10,1.4302911965985086e-09,2.684756540355123e-09,6.233076209274529e-09,1.9017987027823237e-08,5.971370556034094e-08,1.6650358296540147e-07,6.243692225643329e-07,1.8963041836551217e-06,3.126147731407015e-06
5.35,2.710784455639388e-10,6.562261350796228e-10,1.5006269372380828e-09,2.815479317833357e-09,6.557195176454817e-09,2.002337637507631e-08,6.276047606371023e-08,1.752424502669779e-07,6.574609084323994e-07,1.986530517270361e-06,3.2741760386413086e-06
5.3999999999999995,2.830831528477443e-10,6.874562965501103e-10,1.5709626778776573e-09,2.9624187735492135e-09,6.8813141436351055e-09,2.1028765722329386e-08,6.610737685272936e-08,1.839813175685543e-07,6.905525943004659e-07,2.0767568508856006e-06,3.4259406408505284e-06
5.449999999999999,2.9580388744406295e-10,7.186864580205976e-10,1.6504414085108028e-09,3.1093582292650698e-09,7.238223004603967e-09,2.2141830721995273e-08,6.955742698428543e-08,1.936844568440258e-07,7.236442801685324e-07,2.16698318450084e-06,3.5777052430597486e-06
5.499999999999999,3.085246220403816e-10,7.525708944689596e-10,1.7302237018194743e-09,3.2562976849809264e-09,7.606897903905198e-09,2.328352555080304e-08,7.300747711584149e-08,2.0347819789272118e-07,7.567359660365988e-07,2.2572095181160797e-06,3.7294698452689688e-06
5.549999999999999,3.2126337707093313e-10,7.878069652100062e-10,1.8100059951281457e-09,3.417886279304123e-09,7.975572803206428e-09,2.4425220379610805e-08,7.675128573907722e-08,2.1327193894141655e-07,7.898276519046654e-07,2.3588742900802023e-06,3.8812344474781886e-06
5.6,3.354682004744971e-10,8.230430359510532e-10,1.895884495203355e-09,3.584349650069066e-09,8.366439029902425e-09,2.565737131146925e-08,8.063347789797617e-08,2.254365643471744e-07,8.229737267035147e-07,2.46479396266274e-06,4.032999049687411e-06
5.6499999999999995,3.4967302387806084e-10,8.593469089226648e-10,1.9859668529523037e-09,3.750813020834006e-09,8.783864963270429e-09,2.694801164454576e-08,8.451567005687504e-08,2.376182130812507e-07,8.670113012288718e-07,2.5754600361303305e-06,4.1847636518966315e-06
5.699999999999999,3.6387784728162454e-10,8.989272448288784e-10,2.0760492107012524e-09,3.9259878480607356e-09,9.201290896638433e-09,2.823865197762227e-08,8.868817211420129e-08,2.4979986181532697e-07,9.110488757542288e-07,2.702691714161644e-06,4.336528254105851e-06
5.749999999999999,3.7894853060133413e-10,9.385075807350921e-10,2.16854654251513e-09,4.113728866394426e-09,9.627986910926877e-09,2.959814161063611e-08,9.304216565515937e-08,2.619815105494033e-07,9.550864502795858e-07,2.8299233921929574e-06,4.488292856315071e-06
5.799999999999999,3.9474567600206373e-10,9.780879166413058e-10,2.269816751815476e-09,4.301469884728117e-09,1.0098546394217654e-08,3.1050909321126614e-08,9.739615919611744e-08,2.741631592834796e-07,9.991240248049428e-07,2.9571550702242716e-06,4.663472540744075e-06
5.85,4.1054282140279364e-10,1.021559575562074e-09,2.3710869611158237e-09,4.490793822081315e-09,1.056910587750844e-08,3.250367703161714e-08,1.023404654177168e-07,2.863448080175561e-07,1.0431615993303007e-06,3.0843867482555874e-06,4.87491007072562e-06
5.8999999999999995,4.264683522104342e-10,1.0658338979197142e-09,2.4723571704161694e-09,4.701636823896768e-09,1.1039665360799218e-08,3.399957507555363e-08,1.0776605670193874e-07,2.9852645675163244e-07,1.0871991738556577e-06,3.211618426286901e-06,5.086347600707161e-06
5.949999999999999,4.439681919294221e-10,1.1101082202773542e-09,2.583796218215379e-09,4.912479825712221e-09,1.1561788538771591e-08,3.5630557369021336e-08,1.1319164798616067e-07,3.107081054857087e-07,1.1312367483810149e-06,3.338850104318215e-06,5.2977851306887026e-06
5.999999999999999,4.6146803164841005e-10,1.15646590176827e-09,2.697174312143201e-09,5.123322827527673e-09,1.2090042436976747e-08,3.726153966248904e-08,1.1861723927038261e-07,3.2384896886464974e-07,1.1752743229063719e-06,3.4660817823495285e-06,5.509222660670245e-06
6.049999999999999,4.78967871367398e-10,1.2057943732350528e-09,2.8105524060710234e-09,5.352351038660244e-09,1.2618296335181903e-08,3.891613158656334e-08,1.2404283055460455e-07,3.402165801085243e-07,1.225997489040888e-06,3.593313460380842e-06,5.720660190651786e-06
6.1,4.975693773702754e-10,1.2551228447018364e-09,2.9299873728670657e-09,5.588186793810591e-09,1.3184816116717103e-08,4.0944815356100245e-08,1.2946842183882657e-07,3.5658419135239915e-07,1.2782867357735632e-06,3.720545138412158e-06,5.932097720633331e-06
6.1499999999999995,5.168840612928111e-10,1.304451316168619e-09,3.056423338485333e-09,5.824022548960934e-09,1.3775493095894917e-08,4.297349912563711e-08,1.3489401312304851e-07,3.7295180259627375e-07,1.3314869274642715e-06,3.861071259783056e-06,6.1435352506148725e-06
6.199999999999999,5.361987452153468e-10,1.3591786514691303e-09,3.1828593041036005e-09,6.070278558819915e-09,1.4366170075072733e-08,4.500218289517397e-08,1.4031960440727046e-07,3.893194138401483e-07,1.395362209073752e-06,4.05542550096085e-06,6.354972780596414e-06
6.249999999999999,5.55780820183191e-10,1.4139308620721422e-09,3.310528185979546e-09,6.333059544457639e-09,1.5004014180865626e-08,4.7030866664710836e-08,1.457451956914924e-07,4.0568702508402285e-07,1.4592374906832326e-06,4.249779742138646e-06,6.566410310577956e-06
6.299999999999999,5.770238944814007e-10,1.4686830726751544e-09,3.450999414470179e-09,6.595840530095362e-09,1.573664150010487e-08,4.90595504342477e-08,1.5184606636363683e-07,4.2205463632789744e-07,1.5231127722927134e-06,4.44413398331644e-06,6.777847840559497e-06
6.35,5.982669687796108e-10,1.5267922345983844e-09,3.591470642960815e-09,6.861415410122232e-09,1.6469268819344128e-08,5.10882342037846e-08,1.5916044920662256e-07,4.384222475717723e-07,1.586988053902195e-06,4.638488224494239e-06,6.9892853705410425e-06
6.3999999999999995,6.195100430778206e-10,1.587346100656785e-09,3.731941871451448e-09,7.185171355262942e-09,1.7201896138583372e-08,5.3116917973321465e-08,1.664748320496082e-07,4.547898588156469e-07,1.6508633355116757e-06,4.832842465672033e-06,7.200722900522584e-06
6.449999999999999,6.421224744334138e-10,1.647899966715186e-09,3.89492554386e-09,7.508927300403654e-09,1.7934523457822617e-08,5.514560174285833e-08,1.7378921489259382e-07,4.726467261635054e-07,1.7147386171211563e-06,5.027196706849829e-06,7.412160430504125e-06
6.499999999999999,6.65408481966219e-10,1.7105550232972913e-09,4.067022481328776e-09,7.832683245544364e-09,1.866715077706186e-08,5.717428551239519e-08,1.8110359773557942e-07,4.92214082480772e-07,1.7786138987306369e-06,5.221550948027623e-06,7.623597960485667e-06
6.549999999999999,6.886944894990241e-10,1.7840931879748753e-09,4.239119418797552e-09,8.156439190685074e-09,1.9399778096301105e-08,5.956380254574096e-08,1.8841798057856505e-07,5.117814387980386e-07,1.8424891803401175e-06,5.4159051892054175e-06,7.835035490467209e-06
6.6,7.128912393005075e-10,1.8576313526524607e-09,4.411216356266331e-09,8.480195135825791e-09,2.0132405415540363e-08,6.229803755124082e-08,1.957323634215508e-07,5.33839008006778e-07,1.9063644619495991e-06,5.610259430383216e-06,8.046473020448754e-06
6.6499999999999995,7.406876777181988e-10,1.9311695173300446e-09,4.583313293735106e-09,8.803951080966503e-09,2.0865032734779607e-08,6.503227255674064e-08,2.0304674626453642e-07,5.579823685747666e-07,1.97023974355908e-06,5.8046136715610115e-06,8.257910550430295e-06
6.699999999999999,7.684841161358902e-10,2.0047076820076288e-09,4.755410231203882e-09,9.127707026107213e-09,2.159766005401885e-08,6.776650756224044e-08,2.1036112910752205e-07,5.821257291427553e-07,2.040213952593929e-06,5.998967912738806e-06,8.469348080411838e-06
6.749999999999999,7.962805545535814e-10,2.0782458466852125e-09,4.927507168672658e-09,9.451462971247925e-09,2.245192283000865e-08,7.050074256774026e-08,2.1791396904651312e-07,6.062690897107439e-07,2.1441400068072245e-06,6.1933221539166005e-06,8.680785610393377e-06
6.799999999999999,8.240769929712728e-10,2.1517840113627967e-09,5.099604106141434e-09,9.775218916388635e-09,2.3432739899299143e-08,7.323497757324007e-08,2.2668087924085136e-07,6.304124502787326e-07,2.2480660610205195e-06,6.387676395094396e-06,8.89222314037492e-06
6.85,8.518734313889647e-10,2.225322176040382e-09,5.271701043610212e-09,1.0101418848229102e-08,2.4413556968589653e-08,7.596921257873993e-08,2.3544778943518973e-07,6.545558108467216e-07,2.3519921152338166e-06,6.5820306362721945e-06,9.103660670356465e-06
6.8999999999999995,8.79669869806656e-10,2.2988603407179662e-09,5.443797981078989e-09,1.053087458295114e-08,2.5394374037880143e-08,7.870344758423975e-08,2.4442360699209075e-07,6.786991714147103e-07,2.455918169447112e-06,6.776384877449989e-06,9.315098200338006e-06
6.949999999999999,9.074663082243473e-10,2.37239850539555e-09,5.6476653470987835e-09,1.0960330317673182e-08,2.6375191107170636e-08,8.143768258973957e-08,2.552855348595032e-07,7.028425319826989e-07,2.559844223660407e-06,6.970739118627783e-06,9.526535730319549e-06
6.999999999999999,9.352627466420388e-10,2.445936670073134e-09,5.874179791663712e-09,1.1389786052395222e-08,2.735600817646113e-08,8.417191759523938e-08,2.661474627269156e-07,7.269858925506876e-07,2.6637702778737025e-06,7.165093359805579e-06,9.73797326030109e-06
7.049999999999999,9.6305918505973e-10,2.539596678260487e-09,6.10069423622864e-09,1.1819241787117263e-08,2.833682524575162e-08,8.742997364935136e-08,2.770093905943281e-07,7.511292531186762e-07,2.7676963320869975e-06,7.359447600983374e-06,9.949410790282632e-06
7.1,9.908556234774218e-10,2.635211744069885e-09,6.327208680793572e-09,1.224869752183931e-08,2.931764231504213e-08,9.070788729205656e-08,2.8787131846174075e-07,7.752726136866653e-07,2.8716223863002946e-06,7.553801842161172e-06,
7.1499999999999995,1.0246158911469167e-09,2.730826809879281e-09,6.553723125358501e-09,1.2678153256561352e-08,3.029845938433262e-08,9.39858009347617e-08,2.987332463291532e-07,7.994159742546539e-07,2.97554844051359e-06,7.748156083338966e-06,
7.199999999999999,1.0598969847722988e-09,2.8264418756886773e-09,6.78023756992343e-09,1.310760899128339e-08,3.1279276453623115e-08,9.787808742164128e-08,3.095951741965657e-07,8.378719461838766e-07,3.079474494726885e-06,7.942510324516762e-06,
7.249999999999999,1.0951780783976807e-09,2.9220569414980735e-09,7.006752014488358e-09,1.3537064726005432e-08,3.238374355064524e-08,1.0194282410151174e-07,3.204571020639781e-07,8.786728227966017e-07,3.18340054894018e-06,8.136864565694557e-06,
7.299999999999999,1.1304591720230626e-09,3.0176720073074697e-09,7.2332664590532865e-09,1.3966520460727473e-08,3.355540740360653e-08,1.060075607813822e-07,3.3131902993139055e-07,9.194736994093269e-07,3.2873266031534755e-06,8.331218806872352e-06,
7.35,1.165740265648445e-09,3.1132870731168675e-09,7.459780903618219e-09,1.4396010404732125e-08,3.472707125656785e-08,1.1007229746125273e-07,3.421809577988032e-07,9.602745760220528e-07,3.3912526573667726e-06,8.525573048050151e-06,
7.3999999999999995,1.2010213592738272e-09,3.2089021389262637e-09,7.686295348183147e-09,1.4906230160492764e-08,3.599981864160906e-08,1.141370341411232e-07,3.5304288566621563e-07,1.001075452634778e-06,3.4951787115800676e-06,8.719927289227945e-06,
7.449999999999999,1.236302452899209e-09,3.3045172047356603e-09,7.931655643158291e-09,1.54164499162534e-08,3.74467850025224e-08,1.1820177082099365e-07,3.639048135336281e-07,1.0418763292475032e-06,3.5991047657933626e-06,8.91428153040574e-06,
7.499999999999999,1.271583546524591e-09,3.400132270545056e-09,8.199515507340131e-09,1.592666967201404e-08,3.889375136343574e-08,1.222665075008641e-07,3.747667414010406e-07,1.0826772058602283e-06,3.703030820006658e-06,9.108635771583533e-06,
7.549999999999999,1.306864640149973e-09,3.5067344549094176e-09,8.467375371521973e-09,1.651318028969426e-08,4.0340717724349075e-08,1.2633124418073458e-07,3.9220672250986175e-07,1.1234780824729534e-06,3.8069568742199535e-06,,
7.599999999999999,1.3421457337753549e-09,3.6189699490038524e-09,8.739930898896574e-09,1.7139075668476625e-08,4.178768408526241e-08,1.3039598086060504e-07,4.108818698650119e-07,1.1642789590856787e-06,3.910882928433248e-06,,
7.6499999999999995,1.3795928483083442e-09,3.731205443098289e-09,9.066625920371964e-09,1.7764971047259e-08,4.3234650446175774e-08,1.3446071754047556e-07,4.2955701722016236e-07,1.2050798356984044e-06,4.014808982646545e-06,,
7.699999999999999,1.420403796305092e-09,3.849156964405994e-09,9.393320941847348e-09,1.8390866426041366e-08,4.468161680708911e-08,1.3852545422034602e-07,4.482321645753125e-07,1.2458807123111297e-06,4.118735036859841e-06,,
7.749999999999999,1.4612147443018398e-09,3.984793190023555e-09,9.720015963322733e-09,1.901676180482373e-08,4.6128583168002445e-08,1.4259019090021646e-07,4.669073119304626e-07,1.2866815889238548e-06,4.222661091073136e-06,,
7.799999999999999,1.5020256922985878e-09,4.120429415641116e-09,1.0046710984798117e-08,1.9642657183606097e-08,4.757554952891579e-08,1.4680404335888362e-07,4.855824592856128e-07,1.32748246553658e-06,4.3265871452864315e-06,,
7.849999999999999,1.5498680797964466e-09,4.2560656412586775e-09,1.0373406006273502e-08,2.026855256238846e-08,4.9022515889829124e-08,1.5383719847606916e-07,5.042576066407629e-07,1.3682833421493052e-06,4.430513199499727e-06,,
7.8999999999999995,1.5982943716317898e-09,4.39170186687624e-09,1.0700101027748891e-08,2.0894447941170834e-08,5.0469482250742486e-08,1.608703535932548e-07,5.229327539959134e-07,1.409084218762031e-06,4.534439253713024e-06,,
7.949999999999999,1.6467206634671322e-09,4.527338092493802e-09,1.1026796049224275e-08,2.15203433199532e-08,5.191644861165582e-08,1.6790350871044034e-07,5.416079013510635e-07,1.4498850953747563e-06,4.638365307926319e-06,,
7.999999999999999,1.6951469553024746e-09,4.662974318111363e-09,1.135349107069966e-08,2.2146238698735565e-08,5.336341497256916e-08,1.7493666382762588e-07,5.602830487062136e-07,1.4906859719874814e-06,4.742291362139614e-06,,
8.049999999999999,1.743573247137817e-09,4.798610543728923e-09,1.1680186092175044e-08,2.277213407751793e-08,5.5063252246195515e-08,1.8196981894481142e-07,5.789581960613638e-07,1.5314868486002065e-06,4.846217416352909e-06,,
8.1,1.7919995389731601e-09,4.934246769346487e-09,1.2006881113650434e-08,2.3398029456300306e-08,5.754549461109038e-08,1.8900297406199707e-07,5.976333434165142e-07,1.5722877252129324e-06,4.950143470566206e-06,,
8.15,1.8404258308085033e-09,5.069882994964051e-09,1.2333576135125823e-08,2.4023924835082682e-08,6.002773697598525e-08,1.9603612917918274e-07,6.163084907716647e-07,1.6130886018256584e-06,5.054069524779503e-06,,
8.2,1.8888521226438447e-09,5.2055192205816096e-09,1.2660271156601201e-08,2.4776942500132068e-08,6.250997934088002e-08,2.0306928429636815e-07,6.349836381268145e-07,1.6538894784383829e-06,,,
8.25,1.937278414479188e-09,5.3411554461991725e-09,1.2986966178076592e-08,2.5832412093970578e-08,6.499222170577489e-08,2.101024394135538e-07,6.53658785481965e-07,1.6946903550511086e-06,,,
8.3,1.985704706314531e-09,5.476791671816736e-09,1.3437963368846382e-08,2.688788168780909e-08,6.747446407066976e-08,2.1713559453073947e-07,6.723339328371154e-07,1.7354912316638345e-06,,,
8.35,2.0341309981498726e-09,5.612427897434295e-09,1.3980538104535557e-08,2.7943351281647567e-08,6.995670643556453e-08,2.2416874964792487e-07,6.910090801922652e-07,1.7762921082765588e-06,,,
8.4,2.082557289985216e-09,5.796620265801896e-09,1.452311284022475e-08,2.899882087548608e-08,7.24389488004594e-08,2.3120190476511054e-07,7.096842275474157e-07,1.817092984889285e-06,,,
8.45,2.1309835818205574e-09,6.016396015937404e-09,1.5065687575913924e-08,3.005429046932456e-08,7.492119116535418e-08,2.3823505988229595e-07,7.283593749025656e-07,1.8578938615020094e-06,,,
8.5,2.1807160285862637e-09,6.23617176607292e-09,1.5608262311603116e-08,3.110976006316307e-08,7.740343353024903e-08,2.452682149994816e-07,7.47034522257716e-07,1.8986947381147352e-06,,,
8.55,2.255347659038759e-09,6.455947516208435e-09,1.615083704729231e-08,3.216522965700158e-08,7.98856758951439e-08,2.5230137011666724e-07,7.657096696128664e-07,1.939495614727461e-06,,,
8.6,2.329979289491252e-09,6.6757232663439424e-09,1.6693411782981485e-08,3.3220699250840056e-08,8.236791826003869e-08,2.593345252338527e-07,7.843848169680162e-07,1.9802964913401854e-06,,,
8.65,2.4046109199437476e-09,6.895499016479458e-09,1.7235986518670678e-08,3.427616884467857e-08,8.485016062493354e-08,2.663676803510384e-07,8.030599643231667e-07,2.0210973679529115e-06,,,
8.7,2.47924255039624e-09,7.115274766614966e-09,1.777856125435985e-08,3.533163843851704e-08,8.733240298982834e-08,2.734008354682238e-07,8.217351116783166e-07,2.061898244565636e-06,,,
8.75,2.5538741808487357e-09,7.335050516750481e-09,1.8321135990049043e-08,3.638710803235556e-08,8.98146453547232e-08,2.804339905854094e-07,8.40410259033467e-07,2.1026991211783617e-06,,,
8.8,2.628505811301231e-09,7.554826266885998e-09,1.8863710725738236e-08,3.744257762619407e-08,9.229688771961805e-08,2.874671457025951e-07,8.590854063886174e-07,,,,
8.85,2.703137441753724e-09,7.774602017021505e-09,1.9406285461427412e-08,3.849804722003255e-08,9.477913008451284e-08,2.945003008197805e-07,8.777605537437672e-07,,,,
8.9,2.777769072206219e-09,7.99437776715702e-09,1.9948860197116604e-08,3.955351681387106e-08,9.72613724494077e-08,3.0153345593696615e-07,8.964357010989178e-07,,,,
8.95,2.852400702658712e-09,8.214153517292528e-09,2.0491434932805777e-08,4.0608986407709534e-08,9.974361481430248e-08,3.0856661105415156e-07,9.151108484540676e-07,,,,
9.0,2.9270323331112072e-09,8.433929267428043e-09,2.1034009668494973e-08,4.166445600154805e-08,1.0222585717919735e-07,3.1559976617133723e-07,9.33785995809218e-07,,,,
9.05,3.001663963563703e-09,8.653705017563559e-09,2.1576584404184166e-08,4.271992559538656e-08,1.0470809954409221e-07,3.226329212885229e-07,9.524611431643684e-07,,,,
9.1,3.0762955940161954e-09,8.873480767699067e-09,2.211915913987334e-08,4.377539518922504e-08,1.0719034190898699e-07,3.296660764057083e-07,9.711362905195182e-07,,,,
9.15,3.150927224468691e-09,9.093256517834581e-09,2.266173387556253e-08,4.4830864783063546e-08,1.0967258427388186e-07,3.3669923152289393e-07,9.898114378746688e-07,,,,
9.2,3.225558854921184e-09,9.31303226797009e-09,2.3204308611251704e-08,4.5886334376902026e-08,1.1215482663877663e-07,3.4373238664007934e-07,,,,,
9.25,3.300190485373679e-09,9.532808018105606e-09,2.37468833469409e-08,4.694180397074053e-08,1.146370690036715e-07,3.5076554175726507e-07,,,,,
9.3,3.3748221158261745e-09,9.752583768241121e-09,2.4289458082630093e-08,4.799727356457905e-08,1.1711931136856637e-07,3.577986968744507e-07,,,,,
9.35,3.4494537462786673e-09,9.972359518376628e-09,2.483203281831927e-08,4.9052743158417525e-08,1.1960155373346114e-07,3.648318519916361e-07,,,,,
9.4,3.5240853767311626e-09,1.0192135268512144e-08,2.537460755400846e-08,5.010821275225604e-08,1.22083796098356e-07,3.7186500710882176e-07,,,,,
9.45,3.5987170071836554e-09,1.0411911018647651e-08,2.5917182289697634e-08,5.116368234609452e-08,1.2456603846325077e-07,3.7889816222600717e-07,,,,,
9.5,3.6733486376361507e-09,1.0631686768783168e-08,2.6459757025386827e-08,5.2219151939933024e-08,1.2704828082814567e-07,3.8593131734319284e-07,,,,,
9.55,3.747980268088646e-09,1.0851462518918682e-08,2.700233176107602e-08,5.3274621533771543e-08,1.2953052319304052e-07,,,,,,
9.6,3.822611898541139e-09,1.1071238269054189e-08,2.7544906496765192e-08,5.433009112761001e-08,1.320127655579353e-07,,,,,,
9.65,3.897243528993634e-09,1.1291014019189706e-08,2.8087481232454385e-08,5.538556072144853e-08,1.3449500792283015e-07,,,,,,
9.7,3.971875159446127e-09,1.1510789769325213e-08,2.8630055968143564e-08,5.644103031528701e-08,1.3697725028772495e-07,,,,,,
9.75,4.046506789898622e-09,1.1730565519460729e-08,2.9172630703832757e-08,5.7496499909125516e-08,1.394594926526198e-07,,,,,,
9.8,4.121138420351118e-09,1.1950341269596244e-08,2.971520543952195e-08,5.855196950296402e-08,1.419417350175147e-07,,,,,,
9.85,4.195770050803611e-09,1.2170117019731752e-08,3.025778017521112e-08,5.96074390968025e-08,,,,,,,
9.9,4.270401681256106e-09,1.2389892769867269e-08,3.0800354910900315e-08,6.066290869064102e-08,,,,,,,
9.95,4.3450333117085985e-09,1.2609668520002776e-08,3.134292964658949e-08,6.171837828447949e-08,,,,,,,
10.0,4.419664942161095e-09,1.282944427013829e-08,3.188550438227868e-08,6.277384787831801e-08,,,,,,,
10.05,4.494296572613589e-09,1.3049220020273807e-08,3.242807911796787e-08,,,,,,,,
10.1,4.568928203066082e-09,1.3268995770409314e-08,3.297065385365705e-08,,,,,,,,
10.15,4.643559833518578e-09,1.348877152054483e-08,,,,,,,,,
10.2,4.718191463971071e-09,1.3708547270680337e-08,,,,,,,,,
10.25,4.792823094423566e-09,1.3928323020815852e-08,,,,,,,,,
10.3,4.8674547248760615e-09,,,,,,,,,,
10.35,4.942086355328554e-09,,,,,,,,,,
10.4,5.01671798578105e-09,,,,,,,,,,
10.45,,,,,,,,,,,
10.5,,,,,,,,,,,
10.55,,,,,,,,,,,
10.6,,,,,,,,,,,
10.65,,,,,,,,,,,
10.7,,,,,,,,,,,
10.75,,,,,,,,,,,
10.799999999999999,,,,,,,,,,,
10.85,,,,,,,,,,,
10.9,,,,,,,,,,,
10.95,,,,,,,,,,,
11.0,,,,,,,,,,,
11.049999999999999,,,,,,,,,,,
11.1,,,,,,,,,,,
11.15,,,,,,,,,,,
11.2,,,,,,,,,,,
11.25,,,,,,,,,,,
11.299999999999999,,,,,,,,,,,
11.35,,,,,,,,,,,
11.4,,,,,,,,,,,
11.45,,,,,,,,,,,
11.5,,,,,,,,,,,
11.549999999999999,,,,,,,,,,,
11.6,,,,,,,,,,,
11.65,,,,,,,,,,,
11.7,,,,,,,,,,,
11.75,,,,,,,,,,,
11.799999999999999,,,,,,,,,,,
11.85,,,,,,,,,,,
11.9,,,,,,,,,,,
11.95,,,,,,,,,,,
12.0,,,,,,,,,,,
12.049999999999999,,,,,,,,,,,
12.1,,,,,,,,,,,
12.15,,,,,,,,,,,
12.2,,,,,,,,,,,
12.25,,,,,,,,,,,
12.299999999999999,,,,,,,,,,,
12.35,,,,,,,,,,,
12.4,,,,,,,,,,,
12.45,,,,,,,,,,,
12.5,,,,,,,,,,,
12.549999999999999,,,,,,,,,,,
12.6,,,,,,,,,,,
12.65,,,,,,,,,,,
12.7,,,,,,,,,,,
12.75,,,,,,,,,,,
12.799999999999999,,,,,,,,,,,
12.85,,,,,,,,,,,
12.9,,,,,,,,,,,
12.95,,,,,,,,,,,
13.0,,,,,,,,,,,
13.049999999999999,,,,,,,,,,,
13.1,,,,,,,,,,,
13.15,,,,,,,,,,,
13.2,,,,,,,,,,,
13.25,,,,,,,,,,,
13.299999999999999,,,,,,,,,,,
13.35,,,,,,,,,,,
13.4,,,,,,,,,,,
13.45,,,,,,,,,,,
13.5,,,,,,,,,,,
13.549999999999999,,,,,,,,,,,
13.6,,,,,,,,,,,
13.65,,,,,,,,,,,
13.7,,,,,,,,,,,
13.75,,,,,,,,,,,
13.799999999999999,,,,,,,,,,,
13.85,,,,,,,,,,,
13.9,,,,,,,,,,,
13.95,,,,,,,,,,,
14.0,,,,,,,,,,,
14.049999999999999,,,,,,,,,,,
14.1,,,,,,,,,,,
14.15,,,,,,,,,,,
14.2,,,,,,,,,,,
14.25,,,,,,,,,,,
14.299999999999999,,,,,,,,,,,
14.35,,,,,,,,,,,
14.4,,,,,,,,,,,
14.45,,,,,,,,,,,
14.5,,,,,,,,,,,
14.549999999999999,,,,,,,,,,,
14.6,,,,,,,,,,,
14.65,,,,,,,,,,,
14.7,,,,,,,,,,,
14.75,,,,,,,,,,,
14.799999999999999,,,,,,,,,,,
14.85,,,,,,,,,,,
14.9,,,,,,,,,,,
14.95,,,,,,,,,,,
15.0,,,,,,,,,,,
15.049999999999999,,,,,,,,,,,
15.1,,,,,,,,,,,
15.149999999999999,,,,,,,,,,,
15.2,,,,,,,,,,,
15.25,,,,,,,,,,,
15.299999999999999,,,,,,,,,,,
15.35,,,,,,,,,,,
15.399999999999999,,,,,,,,,,,
15.45,,,,,,,,,,,
15.5,,,,,,,,,,,
15.549999999999999,,,,,,,,,,,
15.6,,,,,,,,,,,
15.649999999999999,,,,,,,,,,,
15.7,,,,,,,,,,,
15.75,,,,,,,,,,,
15.799999999999999,,,,,,,,,,,
15.85,,,,,,,,,,,
15.899999999999999,,,,,,,,,,,
15.95,,,,,,,,,,,
16.0,,,,,,,,,,,
16.049999999999997,,,,,,,,,,,
16.099999999999998,,,,,,,,,,,
16.15,,,,,,,,,,,
16.2,,,,,,,,,,,
16.25,,,,,,,,,,,
16.3,,,,,,,,,,,
16.349999999999998,,,,,,,,,,,
16.4,,,,,,,,,,,
16.45,,,,,,,,,,,
16.5,,,,,,,,,,,
16.55,,,,,,,,,,,
16.599999999999998,,,,,,,,,,,
16.65,,,,,,,,,,,
16.7,,,,,,,,,,,
16.75,,,,,,,,,,,
16.8,,,,,,,,,,,
16.849999999999998,,,,,,,,,,,
16.9,,,,,,,,,,,
16.95,,,,,,,,,,,
17.0,,,,,,,,,,,
17.05,,,,,,,,,,,
17.099999999999998,,,,,,,,,,,
17.15,,,,,,,,,,,
17.2,,,,,,,,,,,
17.25,,,,,,,,,,,
17.3,,,,,,,,,,,
17.349999999999998,,,,,,,,,,,
17.4,,,,,,,,,,,
17.45,,,,,,,,,,,
17.5,,,,,,,,,,,
17.55,,,,,,,,,,,
17.599999999999998,,,,,,,,,,,
17.65,,,,,,,,,,,
17.7,,,,,,,,,,,
17.75,,,,,,,,,,,
17.8,,,,,,,,,,,
17.849999999999998,,,,,,,,,,,
17.9,,,,,,,,,,,
17.95,,,,,,,,,,,
18.0,,,,,,,,,,,
18.05,,,,,,,,,,,
18.099999999999998,,,,,,,,,,,
18.15,,,,,,,,,,,
18.2,,,,,,,,,,,
18.25,,,,,,,,,,,
18.3,,,,,,,,,,,
18.349999999999998,,,,,,,,,,,
18.4,,,,,,,,,,,
18.45,,,,,,,,,,,
18.5,,,,,,,,,,,
18.55,,,,,,,,,,,
18.599999999999998,,,,,,,,,,,
18.65,,,,,,,,,,,
18.7,,,,,,,,,,,
18.75,,,,,,,,,,,
18.8,,,,,,,,,,,
18.849999999999998,,,,,,,,,,,
18.9,,,,,,,,,,,
18.95,,,,,,,,,,,
19.0,,,,,,,,,,,
19.05,,,,,,,,,,,
19.099999999999998,,,,,,,,,,,
19.15,,,,,,,,,,,
19.2,,,,,,,,,,,
19.25,,,,,,,,,,,
19.3,,,,,,,,,,,
19.349999999999998,,,,,,,,,,,
19.4,,,,,,,,,,,
19.45,,,,,,,,,,,
19.5,,,,,,,,,,,
19.55,,,,,,,,,,,
19.599999999999998,,,,,,,,,,,
19.65,,,,,,,,,,,
19.7,,,,,,,,,,,
19.75,,,,,,,,,,,
19.8,,,,,,,,,,,
19.849999999999998,,,,,,,,,,,
19.9,,,,,,,,,,,
19.95,,,,,,,,,,,
20.0,,,,,,,,,,,
20.05,,,,,,,,,,,
20.099999999999998,,,,,,,,,,,
20.15,,,,,,,,,,,
20.2,,,,,,,,,,,
20.25,,,,,,,,,,,
20.3,,,,,,,,,,,
20.349999999999998,,,,,,,,,,,
20.4,,,,,,,,,,,
20.45,,,,,,,,,,,
20.5,,,,,,,,,,,
20.55,,,,,,,,,,,
20.599999999999998,,,,,,,,,,,
20.65,,,,,,,,,,,
20.7,,,,,,,,,,,
20.75,,,,,,,,,,,
20.8,,,,,,,,,,,
20.849999999999998,,,,,,,,,,,
20.9,,,,,,,,,,,
20.95,,,,,,,,,,,
21.0,,,,,,,,,,,
21.05,,,,,,,,,,,
21.099999999999998,,,,,,,,,,,
21.15,,,,,,,,,,,
21.2,,,,,,,,,,,
21.25,,,,,,,,,,,
21.3,,,,,,,,,,,
21.349999999999998,,,,,,,,,,,
21.4,,,,,,,,,,,
21.45,,,,,,,,,,,
21.5,,,,,,,,,,,
21.549999999999997,,,,,,,,,,,
21.599999999999998,,,,,,,,,,,
21.65,,,,,,,,,,,
21.7,,,,,,,,,,,
21.75,,,,,,,,,,,
21.799999999999997,,,,,,,,,,,
21.849999999999998,,,,,,,,,,,
21.9,,,,,,,,,,,
21.95,,,,,,,,,,,
22.0,,,,,,,,,,,
22.049999999999997,,,,,,,,,,,
22.099999999999998,,,,,,,,,,,
22.15,,,,,,,,,,,
22.2,,,,,,,,,,,
22.25,,,,,,,,,,,
22.299999999999997,,,,,,,,,,,
22.349999999999998,,,,,,,,,,,
22.4,,,,,,,,,,,
22.45,,,,,,,,,,,
22.5,,,,,,,,,,,
22.549999999999997,,,,,,,,,,,
22.599999999999998,,,,,,,,,,,
22.65,,,,,,,,,,,
22.7,,,,,,,,,,,
22.75,,,,,,,,,,,
22.799999999999997,,,,,,,,,,,
22.849999999999998,,,,,,,,,,,
22.9,,,,,,,,,,,
22.95,,,,,,,,,,,
23.0,,,,,,,,,,,
23.049999999999997,,,,,,,,,,,
23.099999999999998,,,,,,,,,,,
23.15,,,,,,,,,,,
23.2,,,,,,,,,,,
23.25,,,,,,,,,,,
23.299999999999997,,,,,,,,,,,
23.349999999999998,,,,,,,,,,,
23.4,,,,,,,,,,,
23.45,,,,,,,,,,,
23.5,,,,,,,,,,,
23.549999999999997,,,,,,,,,,,
23.599999999999998,,,,,,,,,,,
23.65,,,,,,,,,,,
23.7,,,,,,,,,,,
23.75,,,,,,,,,,,
23.799999999999997,,,,,,,,,,,
23.849999999999998,,,,,,,,,,,
23.9,,,,,,,,,,,
23.95,,,,,,,,,,,
24.0,,,,,,,,,,,
24.049999999999997,,,,,,,,,,,
24.099999999999998,,,,,,,,,,,
24.15,,,,,,,,,,,
24.2,,,,,,,,,,,
24.25,,,,,,,,,,,
24.299999999999997,,,,,,,,,,,
24.349999999999998,,,,,,,,,,,
24.4,,,,,,,,,,,
24.45,,,,,,,,,,,
24.5,,,,,,,,,,,
24.549999999999997,,,,,,,,,,,
24.599999999999998,,,,,,,,,,,
24.65,,,,,,,,,,,
24.7,,,,,,,,,,,
24.75,,,,,,,,,,,
24.799999999999997,,,,,,,,,,,
24.849999999999998,,,,,,,,,,,
24.9,,,,,,,,,,,
24.95,,,,,,,,,,,
25.0,,,,,,,,,,,
